last_activity_days_ago,nps_score,avg_product_usage_hours,weighted_engagement,usage_per_user
5,30.0,28.16,314.93,0.48551724137931035
20,6.0,18.7,7.317142857142857,0.5666666666666667
2,32.0,32.73,238.20333333333335,0.5365573770491803
34,30.0,9.25,44.480000000000004,2.3125
4,30.0,29.08,217.28000000000003,0.29373737373737374
6,-7.0,30.16,178.35,0.735609756097561
44,-2.0,37.95,4.712,0.6023809523809525
12,23.0,39.74,162.87538461538463,0.6113846153846154
6,93.0,24.96,227.04714285714286,0.2546938775510204
44,61.0,28.49,5.866888888888889,1.4244999999999999
5,36.0,22.34,9.605,1.1757894736842105
1,46.0,18.72,1138.27,0.4565853658536585
86,60.0,33.1,12.750459770114942,0.4534246575342466
4,50.0,17.26,171.63,0.3082142857142857
28,20.0,25.85,46.72344827586207,0.26927083333333335
2,4.0,20.05,394.84999999999997,0.2570512820512821
19,26.0,35.5,77.14,0.9594594594594594
11,60.0,48.01,24.2375,3.693076923076923
59,21.0,16.98,7.492333333333334,0.26952380952380955
12,-3.0,11.47,134.8923076923077,0.24934782608695655
0,30.0,28.75,983.4000000000001,0.4107142857142857
13,26.0,30.16,79.4057142857143,1.117037037037037
2,0.0,32.19,762.6033333333334,0.6437999999999999
24,16.0,25.54,49.993599999999994,0.7511764705882352
29,73.0,27.99,17.264,0.32546511627906977
9,28.0,33.68,203.184,0.3472164948453608
22,7.0,40.4,41.47,6.733333333333333
2,39.0,10.45,21.72,0.26125
10,87.0,26.31,78.88909090909091,0.40476923076923077
7,26.0,32.14,181.355,0.6559183673469388
14,-40.0,20.82,102.42133333333332,6.94
0,49.0,47.31,607.42,9.462
20,40.0,23.65,28.171428571428567,0.26875
1,32.0,29.59,394.52,0.46234375
16,23.0,35.56,119.36764705882354,0.5387878787878788
0,5.0,24.09,1642.3000000000002,1.2678947368421052
26,75.0,11.53,41.48148148148148,0.144125
2,-25.0,25.71,357.79333333333335,0.40171875
10,20.0,40.29,55.02272727272727,1.0889189189189188
4,20.0,26.63,173.04,1.7753333333333332
19,55.0,21.54,17.878,0.5821621621621621
5,67.0,39.26,250.58,0.8724444444444444
19,23.0,26.69,14.638,6.6725
5,35.0,24.9,226.5666666666667,0.4293103448275862
20,38.0,31.49,33.46714285714286,0.39860759493670883
0,61.0,37.71,760.96,0.7115094339622642
4,60.0,53.82,101.796,0.9610714285714286
10,13.0,38.27,55.82545454545455,2.1261111111111113
0,43.0,41.6,338.52,2.08
3,41.0,24.94,508.14,2.7711111111111113
40,26.0,19.74,16.94707317073171,0.42
56,30.0,30.62,40.78035087719298,0.8057894736842105
20,30.0,31.07,43.438095238095244,0.7225581395348837
4,30.0,19.21,164.16,0.20010416666666667
4,-10.0,28.25,228.186,0.6420454545454546
15,2.0,33.99,73.1925,3.776666666666667
1,54.0,33.6,477.23,1.9764705882352942
44,-6.0,35.04,7.384888888888889,0.5651612903225807
3,44.0,32.91,547.08,0.7835714285714285
118,27.0,24.93,2.203361344537815,0.2932941176470588
10,60.0,24.86,136.5381818181818,0.6374358974358975
22,49.0,18.01,13.71391304347826,0.2648529411764706
0,16.0,47.85,724.57,0.8394736842105264
32,30.0,30.13,8.665151515151514,0.38139240506329114
4,-29.0,27.75,443.088,0.2860824742268041
16,26.0,20.71,66.47058823529412,0.2525609756097561
24,-8.0,59.36,27.661199999999997,1.0234482758620689
2,23.0,19.27,112.24,0.41891304347826086
8,10.0,25.71,119.60888888888888,0.4357627118644068
10,3.0,34.16,115.36363636363636,4.27
5,65.0,36.0,109.08333333333333,0.3829787234042553
9,-8.0,39.58,59.064,1.1641176470588235
5,1.0,48.08,192.46666666666667,0.6326315789473684
6,9.0,35.06,149.21428571428572,1.7530000000000001
16,30.0,19.44,15.60470588235294,0.27771428571428575
15,3.0,27.43,26.95,0.36573333333333335
3,19.0,33.08,424.5,3.6755555555555555
34,39.0,50.68,55.69714285714286,5.068
29,50.0,16.02,10.877999999999998,0.2427272727272727
10,48.0,42.03,161.64818181818183,4.67
8,30.0,31.8,23.36,0.7395348837209302
7,41.0,38.38,119.24999999999999,0.9138095238095238
18,43.0,28.98,53.336842105263166,5.796
16,10.0,21.58,34.77294117647059,1.1357894736842105
3,80.0,37.51,317.76,0.5516176470588235
16,62.0,36.54,62.301176470588246,0.4511111111111111
4,24.0,39.72,321.096,0.4181052631578947
0,12.0,29.87,271.62,0.5531481481481482
18,79.0,24.0,32.90210526315789,1.0
15,29.0,14.41,134.62625,2.401666666666667
7,32.0,38.19,57.46,4.77375
11,32.0,34.24,86.58749999999999,0.8560000000000001
44,99.0,20.34,12.956666666666669,0.7264285714285714
13,23.0,24.61,73.82571428571428,1.893076923076923
16,29.0,25.33,16.879411764705882,0.2753260869565217
0,5.0,15.17,2140.75,0.7984210526315789
2,18.0,21.82,441.3,0.24244444444444443
5,0.0,18.66,143.50166666666667,0.19851063829787235
11,5.0,25.88,157.85666666666665,0.7842424242424242
22,-24.0,22.61,20.24608695652174,0.28620253164556964
5,56.0,13.73,42.900000000000006,0.37108108108108107
6,34.0,50.23,249.09,2.7905555555555552
4,37.0,42.53,214.704,0.5250617283950617
4,28.0,22.21,120.73600000000002,1.1105
44,32.0,32.72,12.36888888888889,0.51125
15,78.0,34.17,146.34,1.1782758620689655
2,6.0,41.91,747.5,1.1327027027027026
19,38.0,21.81,76.93100000000001,0.46404255319148935
19,38.0,40.92,12.8,1.105945945945946
16,64.0,24.52,79.96235294117646,0.8173333333333334
2,43.0,16.64,114.39999999999999,1.5127272727272727
7,44.0,37.24,85.5225,0.4774358974358975
1,-7.0,42.91,67.73,2.5241176470588234
25,5.0,55.88,16.25076923076923,2.4295652173913043
15,-5.0,18.0,69.6475,0.3333333333333333
10,-44.0,36.99,172.33272727272728,0.9997297297297297
6,41.0,25.9,240.8057142857143,0.2616161616161616
3,22.0,37.83,196.875,0.7137735849056603
1,41.0,15.3,678.72,0.18000000000000002
52,31.0,17.37,26.802264150943397,0.3047368421052632
3,37.0,22.24,9.1,0.24988764044943818
0,70.0,30.79,1443.96,0.38974683544303795
48,30.0,23.59,25.12183673469388,0.5128260869565218
11,50.0,36.59,5.885000000000001,0.5461194029850747
23,20.0,40.27,4.18,0.42389473684210527
0,54.0,36.0,1102.4,0.4
12,-7.0,46.19,14.183076923076923,0.5632926829268292
7,-25.0,34.16,113.83375,1.265185185185185
22,93.0,17.83,60.19695652173914,0.20033707865168537
0,85.0,43.63,623.5899999999999,0.4641489361702128
7,-28.0,23.95,58.92,0.4887755102040816
24,28.0,39.1,47.1456,0.47682926829268296
11,34.0,45.74,114.14999999999999,0.7886206896551724
11,51.0,34.57,132.09,0.86425
1,82.0,15.04,146.8,1.156923076923077
2,-1.0,20.82,530.7633333333334,0.3017391304347826
16,0.0,43.23,91.14,2.5429411764705883
16,29.0,28.31,53.11058823529411,9.436666666666666
58,1.0,30.8,12.877627118644067,3.4222222222222225
18,-51.0,37.59,11.679473684210526,12.530000000000001
10,30.0,36.96,244.28000000000003,0.7247058823529412
29,55.0,32.79,26.280000000000005,0.3345918367346939
1,29.0,27.91,878.655,0.3721333333333333
8,48.0,26.87,282.6,0.8667741935483871
5,44.0,38.58,100.42666666666666,1.377857142857143
1,0.0,35.54,344.34000000000003,0.3993258426966292
21,32.0,27.43,2.472727272727273,0.5836170212765958
10,-15.0,40.82,26.319999999999997,0.4296842105263158
12,14.0,28.71,147.52384615384614,0.29000000000000004
7,31.0,21.48,169.47500000000002,0.29424657534246573
9,29.0,22.41,45.94200000000001,1.6007142857142858
1,-8.0,20.21,849.03,0.20835051546391753
16,-2.0,27.28,22.192941176470587,0.8023529411764706
8,38.0,42.34,112.76222222222222,1.9245454545454548
25,54.0,21.95,29.076923076923077,0.4141509433962264
3,23.0,31.88,136.32,0.3840963855421687
3,22.0,23.43,620.555,0.616578947368421
15,57.0,27.4,91.441875,0.3971014492753623
28,6.0,14.9,40.9048275862069,4.966666666666667
9,81.0,27.79,91.89,0.9582758620689655
19,-10.0,28.06,15.930000000000001,0.6680952380952381
109,61.0,35.4,10.15090909090909,0.35757575757575755
69,46.0,32.23,21.145142857142858,0.37476744186046507
20,100.0,18.02,83.6542857142857,1.12625
20,-3.0,40.84,89.42619047619048,0.5752112676056339
4,-40.0,32.1,150.2,0.3606741573033708
26,67.0,31.98,19.288888888888888,0.39481481481481484
7,-14.0,29.91,12.434999999999999,3.73875
49,48.0,24.82,3.6792000000000002,0.7091428571428572
1,65.0,32.18,446.69000000000005,0.5645614035087719
8,30.0,34.76,123.71333333333334,1.6552380952380952
12,36.0,12.53,22.338461538461537,0.15860759493670884
7,42.0,24.61,168.735,0.7938709677419354
3,55.0,27.45,351.70000000000005,0.4357142857142857
13,47.0,32.56,42.728571428571435,0.45222222222222225
21,-6.0,41.93,89.62909090909092,0.5176543209876543
15,84.0,22.28,23.13,0.27170731707317075
4,31.0,25.02,163.29000000000002,0.9623076923076923
19,45.0,24.87,48.258,0.9948
4,51.0,21.98,171.84,1.8316666666666668
2,30.0,26.53,635.6,0.47375
17,61.0,37.71,11.049999999999999,0.8769767441860465
27,33.0,19.46,37.81928571428572,0.3815686274509804
9,32.0,34.28,73.034,1.8042105263157895
11,42.0,12.98,115.57000000000001,0.22379310344827588
5,63.0,24.39,277.8,0.518936170212766
10,-3.0,26.71,145.18,0.8346875
2,49.0,46.75,210.74666666666667,1.016304347826087
46,3.0,27.25,11.060425531914895,0.35855263157894735
24,85.0,7.99,29.45,0.14017543859649123
16,41.0,10.01,77.42823529411764,0.4766666666666667
11,17.0,30.34,92.25,0.9787096774193549
23,42.0,36.14,84.09625,9.035
10,30.0,33.75,27.170909090909092,0.8881578947368421
5,25.0,31.68,140.52,1.5085714285714285
2,-24.0,41.62,534.6133333333333,4.624444444444444
15,0.0,24.6,151.9,0.8785714285714287
39,25.0,38.95,48.788250000000005,0.48086419753086423
2,-20.0,13.68,324.8,0.34199999999999997
2,12.0,20.95,24.603333333333335,4.1899999999999995
8,15.0,11.93,89.00444444444445,0.14548780487804877
24,6.0,27.25,34.6984,0.4007352941176471
5,30.0,29.54,443.925,0.3045360824742268
4,3.0,31.14,172.44,0.3312765957446809
14,32.0,30.62,40.76,0.4194520547945206
11,19.0,20.72,51.76499999999999,0.21583333333333332
0,26.0,28.1,1270.08,0.6244444444444445
1,78.0,15.03,575.0500000000001,0.23484375
15,35.0,43.63,10.63125,0.5976712328767123
9,41.0,26.96,50.64,0.28378947368421054
53,7.0,25.11,33.99944444444444,0.9657692307692307
17,48.0,45.89,17.01111111111111,1.119268292682927
0,47.0,17.58,1559.46,0.2511428571428571
9,44.0,18.74,92.664,0.19726315789473683
8,30.0,19.04,129.2888888888889,0.41391304347826086
1,12.0,29.32,119.39999999999999,4.188571428571429
38,73.0,34.32,18.06974358974359,0.6021052631578947
24,9.0,37.4,26.046800000000005,0.39368421052631575
3,77.0,55.72,110.0575,1.74125
4,13.0,7.51,205.92199999999997,0.24225806451612902
0,34.0,36.09,593.46,1.2889285714285716
5,24.0,24.43,227.535,0.28741176470588237
13,30.0,24.14,122.74,0.8621428571428572
8,5.0,23.8,19.0,0.6102564102564103
52,8.0,20.91,7.35622641509434,0.22483870967741937
0,34.0,46.85,2026.56,0.48802083333333335
13,56.0,38.42,58.64857142857142,0.6985454545454546
29,32.0,30.23,3.6726666666666667,0.9446875
9,28.0,43.51,72.96000000000001,8.702
0,66.0,14.87,272.74,0.33044444444444443
4,31.0,16.69,99.55,1.8544444444444446
5,13.0,8.22,344.8866666666667,0.1611764705882353
50,0.0,23.01,23.890196078431373,0.3068
36,68.0,31.62,37.63243243243244,0.7353488372093023
44,20.0,31.03,8.494222222222222,0.3927848101265823
26,12.0,31.49,5.271111111111111,0.3887654320987654
6,10.0,15.89,186.6,0.28375
35,66.0,38.03,0.3113888888888889,0.5356338028169014
60,12.0,32.4,14.633278688524593,0.34105263157894733
6,59.0,37.33,47.58857142857143,0.40139784946236556
4,23.0,11.07,296.608,0.3817241379310345
11,-6.0,33.11,31.3125,3.311
3,20.0,18.12,124.48,0.5329411764705883
0,29.0,26.03,2040.0,0.30267441860465116
43,26.0,35.34,27.41818181818182,0.5354545454545455
39,25.0,30.91,6.92075,2.575833333333333
2,20.0,21.48,290.6,1.432
7,6.0,30.06,57.0625,0.4624615384615384
26,30.0,14.68,25.659259259259258,0.15452631578947368
16,46.0,41.5,57.05294117647059,1.1216216216216217
7,-13.0,27.95,47.5825,0.44365079365079363
20,68.0,41.19,40.23904761904762,0.7355357142857143
34,-80.0,24.73,54.533142857142856,2.473
39,32.0,24.76,25.792250000000003,0.7987096774193548
7,30.0,22.36,125.685,0.23051546391752575
2,11.0,38.76,6.666666666666667,0.9013953488372093
36,-33.0,22.91,13.722972972972974,0.7159375
1,27.0,36.45,418.53,0.4142045454545455
19,35.0,26.18,35.616,1.1382608695652174
2,-4.0,10.24,218.15,0.13128205128205128
7,5.0,24.3,142.35750000000002,1.8692307692307693
7,58.0,18.21,21.1925,4.5525
2,33.0,30.34,118.12666666666667,0.5834615384615385
38,-15.0,18.1,16.919999999999998,0.42093023255813955
0,43.0,39.26,725.88,0.5773529411764705
33,2.0,29.09,49.555,5.818
32,6.0,28.22,39.21818181818182,0.3441463414634146
5,35.0,36.56,318.9266666666667,0.6898113207547171
18,33.0,39.64,113.24210526315791,0.5662857142857143
4,17.0,29.8,267.52,0.3348314606741573
21,14.0,22.29,4.69,0.2591860465116279
12,22.0,12.26,116.64,0.4540740740740741
5,6.0,23.14,32.175,0.723125
7,62.0,23.83,6.45,0.28369047619047616
17,-17.0,31.07,46.044444444444444,2.39
35,22.0,26.55,9.73,0.2794736842105263
2,-13.0,36.88,116.66000000000001,1.9410526315789476
12,58.0,23.87,33.20769230769231,0.8525
4,22.0,29.43,129.168,1.1772
24,-1.0,41.84,57.5232,0.7213793103448276
1,50.0,33.42,177.46,0.6188888888888889
17,-38.0,29.4,48.275555555555556,0.588
2,38.0,23.98,1019.2800000000001,1.09
13,30.0,23.67,58.682857142857145,5.9175
27,35.0,21.49,36.68,0.23877777777777776
21,14.0,24.59,88.12727272727273,0.7451515151515151
20,-7.0,37.56,15.07047619047619,1.2951724137931035
10,62.0,27.78,72.30363636363637,6.945
33,57.0,16.5,42.51,0.20625
13,10.0,47.68,126.52642857142858,7.946666666666666
37,11.0,33.2,30.06,2.2133333333333334
11,65.0,15.93,28.679999999999996,0.43054054054054053
10,45.0,25.58,131.12727272727273,0.34567567567567564
3,-23.0,31.11,126.44000000000001,0.4575
11,24.0,47.05,64.69833333333334,5.88125
2,23.0,18.92,300.4,0.5733333333333334
30,37.0,39.76,23.086451612903225,3.313333333333333
16,30.0,43.99,69.7235294117647,1.912608695652174
75,14.0,23.71,20.0525,0.31197368421052635
1,35.0,27.22,575.76,1.0888
4,16.0,19.64,11.05,3.928
31,100.0,27.97,28.24,0.8226470588235294
7,33.0,29.63,233.59375,1.3468181818181817
9,29.0,36.6,111.15,0.48157894736842105
29,85.0,40.9,47.245,1.3193548387096774
11,-10.0,22.52,144.165,0.41703703703703704
3,26.0,10.33,271.235,0.21520833333333333
33,1.0,29.79,2.5694117647058823,0.8275
0,49.0,32.94,1304.6000000000001,0.38302325581395347
33,15.0,32.49,69.71058823529411,0.5157142857142858
0,47.0,26.73,948.5,0.36121621621621625
16,45.0,31.25,98.60000000000001,0.4280821917808219
1,53.0,45.15,328.86,0.6270833333333333
18,45.0,33.82,90.01578947368421,2.6015384615384614
0,23.0,26.27,1361.64,0.31273809523809526
27,30.0,25.0,62.957142857142856,0.2631578947368421
9,60.0,28.3,167.675,0.310989010989011
1,72.0,46.37,117.30000000000001,0.7133846153846154
18,1.0,28.17,35.90736842105263,1.2247826086956521
10,52.0,29.8,108.80000000000001,5.96
3,-5.0,25.18,97.46,0.2997619047619048
0,36.0,40.99,742.88,0.4554444444444445
8,42.0,49.6,5.111111111111111,4.133333333333334
1,17.0,34.51,98.7,1.19
1,32.0,30.83,475.15999999999997,2.202142857142857
4,55.0,30.37,269.1,3.3744444444444444
14,26.0,6.16,19.216666666666665,0.3242105263157895
11,9.0,37.45,39.847500000000004,0.558955223880597
1,-6.0,31.34,69.23,0.47484848484848485
51,18.0,34.28,16.669230769230772,1.2242857142857144
32,-5.0,22.89,7.642424242424242,1.346470588235294
4,18.0,26.16,122.44399999999999,0.7474285714285714
1,16.0,25.89,805.31,0.40453125
42,54.0,40.22,39.73255813953488,0.8208163265306122
9,32.0,26.21,61.71,0.2702061855670103
5,100.0,50.83,224.6,1.3737837837837836
10,-30.0,34.31,168.67272727272726,0.512089552238806
22,39.0,17.24,30.217391304347824,0.23297297297297295
2,16.0,28.71,241.34,0.3680769230769231
21,1.0,23.48,57.13999999999999,0.2762352941176471
20,29.0,8.06,16.366666666666667,0.2985185185185185
11,26.0,45.99,135.75,0.7794915254237288
30,62.0,37.03,61.75129032258065,1.0891176470588235
2,32.0,35.33,168.41,0.5435384615384615
13,9.0,31.65,121.33928571428571,2.2607142857142857
8,40.0,16.18,159.35333333333332,0.2489230769230769
8,23.0,25.16,6.45,0.31848101265822787
4,-3.0,38.42,51.352,0.40872340425531917
6,22.0,19.49,191.46428571428572,6.496666666666666
1,36.0,4.68,798.065,0.08830188679245282
4,32.0,27.73,390.20000000000005,0.3851388888888889
4,39.0,28.58,276.36,2.8579999999999997
19,14.0,31.36,32.140499999999996,0.448
0,39.0,37.29,520.17,5.327142857142857
15,30.0,36.38,50.439375,0.3997802197802198
3,33.0,32.59,33.18,0.3703409090909091
1,30.0,41.96,1093.365,0.44638297872340427
5,95.0,14.81,311.66333333333336,0.36121951219512194
3,63.0,35.05,412.0,1.402
12,38.0,36.27,102.46153846153847,0.5181428571428572
6,5.0,17.6,54.84142857142857,0.32592592592592595
50,21.0,14.97,5.814705882352942,2.495
49,78.0,22.54,10.923,0.45999999999999996
8,13.0,23.38,155.63333333333333,1.0165217391304346
23,25.0,37.53,33.5325,0.6470689655172414
0,23.0,23.85,2615.48,0.3507352941176471
11,30.0,21.44,156.60333333333332,0.3514754098360656
20,16.0,23.88,10.24,2.6533333333333333
3,35.0,41.19,65.75,0.8076470588235294
0,17.0,30.13,1081.92,1.6738888888888888
2,69.0,28.21,84.62666666666667,1.4847368421052631
8,9.0,28.9,158.2,0.33604651162790694
10,59.0,42.92,102.1509090909091,0.482247191011236
7,12.0,22.51,68.94,0.29233766233766234
8,4.0,43.16,122.33444444444444,1.198888888888889
9,8.0,32.1,101.525,0.9171428571428571
22,-21.0,28.4,75.93043478260869,1.0142857142857142
1,43.0,55.01,30.590000000000003,0.8089705882352941
21,-4.0,19.44,77.36454545454545,0.2990769230769231
17,19.0,26.46,54.34166666666666,0.29730337078651686
20,52.0,17.68,73.75,0.4111627906976744
19,51.0,39.52,0.26,0.44909090909090915
9,-12.0,46.89,94.22999999999999,0.7815
3,39.0,46.7,323.675,0.5765432098765433
11,64.0,42.24,85.05666666666666,3.52
47,10.0,28.02,31.108541666666667,1.648235294117647
13,45.0,26.35,115.1507142857143,0.5988636363636364
0,-4.0,13.29,2485.5899999999997,0.13989473684210527
0,41.0,50.36,348.90000000000003,0.8535593220338983
74,30.0,34.69,27.941333333333333,0.38977528089887636
1,49.0,25.08,215.16,1.3199999999999998
0,47.0,43.28,1382.27,0.6980645161290323
6,-10.0,20.27,376.2,1.8427272727272728
52,34.0,34.07,8.86754716981132,0.896578947368421
5,73.0,28.27,238.455,0.37693333333333334
7,-35.0,36.39,172.80375,0.44378048780487805
15,59.0,29.36,14.409375,0.7726315789473684
0,78.0,15.49,889.3799999999999,0.3098
34,-14.0,30.76,14.424000000000001,0.580377358490566
10,9.0,40.49,87.25,0.408989898989899
9,45.0,29.71,175.34,0.3062886597938144
29,3.0,37.75,21.024,0.5243055555555556
45,70.0,19.54,27.083260869565216,0.2571052631578947
8,61.0,29.74,122.28333333333336,0.3626829268292683
2,-11.0,23.75,317.2,0.3392857142857143
25,7.0,37.47,21.780769230769234,1.56125
7,53.0,30.31,166.10999999999999,0.38367088607594935
41,51.0,36.9,53.599999999999994,0.44999999999999996
44,96.0,40.88,40.22222222222223,0.43031578947368426
1,3.0,36.92,551.0,4.615
47,73.0,32.73,38.52,1.1689285714285713
6,2.0,20.02,111.27000000000001,0.26
15,45.0,29.97,77.615625,0.33299999999999996
0,56.0,24.67,821.4,0.2596842105263158
32,-59.0,26.56,15.256363636363636,5.311999999999999
15,57.0,26.25,30.485,0.4861111111111111
15,71.0,20.2,72.983125,0.2657894736842105
34,62.0,10.43,28.870285714285714,0.1682258064516129
10,91.0,23.32,107.9590909090909,0.3587692307692308
7,58.0,31.93,234.25875,0.4765671641791045
30,13.0,16.52,47.052580645161285,0.30592592592592593
20,67.0,30.16,85.29523809523809,0.32782608695652177
44,12.0,49.0,17.331111111111113,0.6282051282051282
42,32.0,40.23,30.979069767441864,2.514375
7,54.0,46.44,135.42624999999998,0.5103296703296704
8,43.0,33.91,201.30111111111108,0.45824324324324317
4,70.0,41.68,251.92800000000003,0.5954285714285714
16,100.0,22.76,30.235294117647058,0.7586666666666667
6,-4.0,23.56,24.479999999999997,0.32273972602739726
23,20.0,2.61,60.525,0.2175
1,39.0,41.86,536.655,0.7094915254237288
1,16.0,45.4,491.53999999999996,0.6676470588235294
3,27.0,24.47,178.8,0.2659782608695652
1,53.0,27.46,359.03,0.5280769230769231
14,49.0,22.46,28.5,1.40375
2,37.0,33.83,389.59999999999997,1.8794444444444443
2,34.0,41.25,193.76,0.7366071428571429
0,23.0,12.57,714.7,0.2793333333333333
22,72.0,34.09,40.0695652173913,0.7747727272727274
25,79.0,27.23,68.19500000000001,0.3280722891566265
2,60.0,31.13,99.96,1.2970833333333334
20,-4.0,34.59,24.404761904761905,0.4941428571428572
8,22.0,28.12,152.42222222222225,1.339047619047619
4,35.0,28.96,212.87600000000003,0.4258823529411765
14,1.0,27.86,27.186666666666667,0.6795121951219512
2,32.0,39.7,631.96,0.5293333333333333
21,30.0,34.19,30.098181818181818,1.628095238095238
0,62.0,32.21,589.54,1.7894444444444444
47,15.0,17.29,11.800833333333335,0.30874999999999997
1,64.0,26.21,484.99999999999994,0.9707407407407408
12,1.0,38.99,64.28615384615384,1.9495
34,5.0,30.38,13.494857142857143,1.2152
0,30.0,36.6,1845.84,0.4206896551724138
10,31.0,47.67,78.78,3.666923076923077
6,-42.0,40.39,208.42857142857142,0.9851219512195122
13,30.0,30.93,32.544285714285714,0.44185714285714284
3,81.0,24.89,245.05,0.9218518518518519
1,49.0,4.46,8.100000000000001,0.06861538461538462
14,23.0,28.32,106.204,0.2889795918367347
8,-2.0,26.74,104.31666666666666,0.835625
14,-24.0,33.9,92.684,0.7212765957446808
3,-19.0,28.46,273.36,0.30934782608695655
6,26.0,26.8,297.03142857142853,0.4253968253968254
12,93.0,12.21,94.64923076923077,0.23037735849056606
13,-51.0,20.6,0.5142857142857142,1.8727272727272728
6,51.0,34.77,68.86142857142858,0.4457692307692308
4,9.0,47.16,148.17000000000002,11.79
4,30.0,29.02,259.854,4.145714285714286
2,1.0,33.28,28.426666666666666,0.52
5,-11.0,39.52,282.04,0.5566197183098592
3,33.0,21.89,394.0375,0.4053703703703704
15,37.0,33.67,65.725,0.3826136363636364
12,50.0,22.6,42.676923076923075,3.2285714285714286
7,-20.0,38.65,126.395,0.6336065573770492
5,56.0,31.51,11.916666666666666,0.4501428571428572
4,56.0,32.98,21.997999999999998,2.998181818181818
11,42.0,22.17,140.66416666666666,0.23336842105263159
37,17.0,37.07,22.871842105263156,1.5445833333333334
17,39.0,50.85,61.6888888888889,1.753448275862069
20,25.0,19.92,25.801904761904762,1.6600000000000001
26,59.0,26.6,21.454814814814814,0.32439024390243903
6,19.0,32.32,19.314285714285717,0.513015873015873
0,33.0,37.86,690.92,0.7143396226415094
14,-22.0,24.4,52.71,2.033333333333333
3,39.0,1.67,279.36,0.20875
12,7.0,43.59,138.42000000000002,0.68109375
20,45.0,37.61,37.02857142857143,5.372857142857143
22,53.0,12.57,25.23913043478261,0.17458333333333334
5,11.0,23.92,142.68666666666667,0.36800000000000005
10,30.0,45.68,31.14,0.7875862068965517
14,35.0,44.48,122.682,0.7291803278688525
25,41.0,39.39,50.62653846153846,0.606
21,53.0,28.24,19.21,0.3103296703296703
66,49.0,30.83,14.210149253731345,0.5054098360655738
0,18.0,28.69,75.46000000000001,0.5413207547169812
8,77.0,41.28,207.4377777777778,0.7938461538461539
4,52.0,21.24,311.43600000000004,3.5399999999999996
1,72.0,21.94,347.76,0.4388
36,40.0,40.1,1.8048648648648649,1.1794117647058824
92,42.0,29.56,4.630107526881721,0.5577358490566038
2,26.0,43.78,186.26666666666668,0.8107407407407408
0,16.0,23.28,602.5,0.3063157894736842
4,59.0,29.45,139.3,0.8180555555555555
27,37.0,20.78,70.845,0.5468421052631579
5,26.0,30.07,155.47,0.4176388888888889
0,30.0,15.21,1257.04,0.338
0,76.0,25.12,1514.92,1.3955555555555557
8,33.0,15.64,193.68888888888887,0.25639344262295083
40,-6.0,36.94,1.4839024390243902,0.6716363636363636
5,32.0,37.17,67.38333333333334,1.77
8,23.0,12.7,122.06444444444443,0.13956043956043956
1,30.0,43.34,1140.86,0.44680412371134026
10,47.0,54.97,118.02,1.2783720930232558
17,24.0,30.46,93.70666666666666,0.36698795180722893
4,20.0,23.59,112.792,0.48142857142857143
5,70.0,58.24,126.425,0.6066666666666667
27,-22.0,16.81,1.3842857142857141,0.3001785714285714
0,28.0,30.2,1099.73,0.5298245614035088
15,57.0,31.8,79.680625,0.32783505154639175
7,30.0,43.45,133.36,2.0690476190476192
5,60.0,33.6,372.04,0.525
16,90.0,25.01,80.85882352941178,0.26326315789473687
26,80.0,20.49,24.92,0.33590163934426226
12,-4.0,26.58,44.325384615384614,0.39671641791044776
0,-18.0,19.93,1538.28,0.2847142857142857
9,39.0,30.48,48.575,1.016
9,-10.0,24.36,38.784000000000006,1.218
11,-27.0,15.06,41.32,0.5378571428571429
16,39.0,42.55,47.887058823529415,2.026190476190476
0,47.0,25.02,422.28,0.43894736842105264
10,81.0,17.32,196.14818181818183,0.2935593220338983
13,53.0,28.32,144.945,3.54
6,87.0,30.68,236.49428571428572,10.226666666666667
16,40.0,12.54,3.68,1.254
3,-4.0,33.32,733.3050000000001,0.33656565656565657
5,54.0,19.53,398.96,0.3684905660377359
49,70.0,47.11,41.465599999999995,0.5414942528735632
6,30.0,35.24,297.11285714285714,0.3915555555555556
6,73.0,26.0,180.30857142857144,0.9629629629629629
13,26.0,22.55,13.10357142857143,0.4602040816326531
53,46.0,28.95,29.143333333333338,0.5078947368421053
61,24.0,36.13,1.9225806451612903,0.5474242424242425
13,100.0,29.75,49.92428571428571,0.35
0,55.0,27.83,1585.92,0.2929473684210526
34,-3.0,30.58,27.751142857142856,2.5483333333333333
12,85.0,23.96,23.212307692307693,0.4131034482758621
6,8.0,26.57,193.85999999999999,1.897857142857143
26,30.0,9.14,72.89629629629628,0.2611428571428572
7,44.0,39.74,44.4125,0.5443835616438356
0,46.0,32.99,778.32,1.7363157894736843
25,44.0,22.27,31.532307692307693,0.35349206349206347
11,-3.0,48.99,50.85333333333333,4.0825000000000005
6,44.0,30.87,26.27,0.9354545454545455
4,63.0,19.64,17.88,0.3167741935483871
13,62.0,38.57,40.2,0.5356944444444445
3,30.0,33.98,21.52,1.7884210526315787
5,10.0,33.95,261.91333333333336,0.6528846153846154
15,-1.0,25.74,57.89875,0.6599999999999999
31,40.0,34.5,55.412499999999994,0.4107142857142857
11,-16.0,27.38,119.55000000000001,0.4278125
21,-3.0,35.56,16.710909090909094,0.3865217391304348
21,10.0,10.95,128.26363636363638,0.13353658536585364
16,-23.0,25.66,105.87058823529412,0.34675675675675677
4,29.0,47.22,181.012,0.5246666666666666
30,-33.0,22.33,7.553225806451613,0.28265822784810124
8,44.0,23.96,133.01555555555558,0.7729032258064517
0,18.0,25.52,1311.1200000000001,0.7505882352941177
4,30.0,17.85,215.23200000000003,0.19833333333333336
21,16.0,7.92,4.79090909090909,0.09658536585365854
1,28.0,27.69,191.295,2.13
2,47.0,31.36,378.85999999999996,0.32
17,69.0,29.47,89.42555555555555,3.68375
33,60.0,28.55,2.3717647058823528,0.7716216216216216
15,96.0,30.43,59.535,0.8694285714285714
3,50.0,40.23,292.1,2.0115
0,34.0,28.1,1402.0100000000002,0.7205128205128205
14,16.0,24.26,42.16,1.6173333333333335
0,17.0,27.19,774.24,0.35776315789473684
14,46.0,35.79,75.98266666666667,0.38902173913043475
3,30.0,44.12,405.4075,0.531566265060241
35,36.0,23.72,12.154722222222224,0.3593939393939394
9,29.0,30.99,58.19,10.33
3,30.0,33.38,446.40500000000003,0.5135384615384616
28,-1.0,20.07,30.033793103448275,0.22054945054945055
4,100.0,30.2,229.856,0.8388888888888889
5,-11.0,15.34,204.1,1.2783333333333333
26,27.0,12.31,21.15555555555555,0.14313953488372094
5,66.0,33.67,359.48,3.7411111111111115
7,45.0,26.16,122.92500000000001,0.4510344827586207
6,15.0,32.02,152.33142857142857,0.3904878048780488
1,-5.0,29.82,109.67,0.7646153846153846
0,33.0,20.24,1592.32,0.6529032258064515
19,-49.0,29.55,52.052,2.1107142857142858
15,30.0,17.67,75.798125,0.93
4,31.0,43.91,372.036,0.8782
5,62.0,16.44,134.045,0.19116279069767445
43,-4.0,28.04,26.38295454545454,1.0014285714285713
65,20.0,19.58,20.613939393939393,0.23035294117647057
9,43.0,35.7,89.725,2.5500000000000003
24,36.0,26.69,35.6664,1.1604347826086958
20,-10.0,24.81,133.68380952380954,0.5638636363636363
5,10.0,38.53,61.18000000000001,0.6115873015873016
0,71.0,30.29,85.8,0.5048333333333334
2,37.0,35.17,484.74666666666667,0.6280357142857144
27,-19.0,20.19,61.62,0.5608333333333334
19,56.0,15.95,87.534,1.7722222222222221
16,-17.0,31.07,7.874117647058824,0.8397297297297297
2,20.0,26.81,140.57999999999998,1.5770588235294116
15,46.0,36.26,14.47875,0.5411940298507463
22,66.0,29.2,59.42608695652175,0.3173913043478261
29,-40.0,32.05,40.4,1.187037037037037
0,51.0,13.77,610.81,0.22573770491803277
17,55.0,48.88,7.015555555555555,0.6034567901234569
0,13.0,28.36,1151.46,0.32227272727272727
18,32.0,36.98,60.01052631578948,4.6225
15,30.0,21.64,15.52375,0.40074074074074073
2,-52.0,33.08,545.34,0.408395061728395
21,63.0,16.97,10.84909090909091,0.18855555555555553
1,13.0,34.52,780.675,1.5008695652173913
26,19.0,26.44,55.72851851851852,0.36219178082191783
4,37.0,30.29,185.44,0.31884210526315787
17,19.0,36.98,19.195555555555554,0.3773469387755102
38,16.0,17.67,10.306666666666668,0.5197058823529412
6,30.0,23.16,139.18142857142857,0.42109090909090907
10,-14.0,34.57,37.96545454545455,0.5667213114754098
9,64.0,50.98,201.47400000000002,0.7180281690140845
2,30.0,28.62,594.12,0.4471875
13,0.0,35.91,121.40428571428572,5.984999999999999
20,-4.0,28.93,50.80952380952381,0.32875
37,31.0,49.42,39.15473684210526,2.471
28,20.0,12.53,51.217241379310344,0.15096385542168675
10,-16.0,30.95,57.908181818181816,0.5336206896551724
19,30.0,13.74,16.406,0.5284615384615384
24,5.0,4.93,11.876800000000001,0.0725
10,30.0,32.97,30.74181818181818,2.198
1,33.0,31.39,1109.68,0.49046875
8,77.0,27.15,111.19888888888889,0.48482142857142857
27,8.0,28.94,56.166428571428575,1.7023529411764706
13,21.0,60.98,112.78571428571429,0.8588732394366196
19,41.0,27.42,40.422000000000004,5.484
3,48.0,35.1,182.79,0.9
50,51.0,23.51,2.083529411764706,0.6028205128205129
7,3.0,32.95,207.17125000000001,6.590000000000001
15,4.0,27.62,31.335,0.42492307692307696
0,19.0,25.89,1175.58,0.6997297297297298
2,74.0,48.19,13.200000000000001,0.8924074074074073
22,0.0,41.77,93.61000000000001,0.46932584269662925
51,14.0,31.37,48.606923076923074,1.0456666666666667
5,51.0,6.96,135.825,0.0725
0,50.0,26.39,923.68,1.3195000000000001
6,46.0,57.03,241.71428571428572,1.5007894736842105
0,32.0,27.69,370.58,0.7911428571428571
3,-1.0,41.03,77.665,0.6216666666666667
20,9.0,44.42,70.60952380952382,1.5864285714285715
41,63.0,32.19,7.457142857142857,0.6437999999999999
1,53.0,21.58,476.80499999999995,0.5138095238095237
12,-10.0,5.65,49.28,0.2973684210526316
4,56.0,36.84,137.268,0.8771428571428572
2,69.0,21.85,105.00333333333333,2.427777777777778
3,31.0,31.76,284.24,0.5383050847457628
12,42.0,17.5,51.93846153846153,1.75
1,60.0,27.35,424.405,0.47155172413793106
8,9.0,30.34,149.93333333333334,0.9193939393939394
2,99.0,32.69,710.0133333333333,0.5359016393442623
4,66.0,18.85,46.144,0.3141666666666667
3,45.0,41.97,523.8,2.9978571428571428
32,28.0,24.03,7.750909090909092,0.4806
18,44.0,13.26,40.46421052631579,0.4018181818181818
30,-16.0,28.91,29.98032258064516,0.3401176470588235
7,92.0,30.34,160.10875,0.46676923076923077
5,63.0,31.61,289.36,0.4159210526315789
7,73.0,43.62,95.42500000000001,1.06390243902439
0,30.0,27.64,702.02,0.35435897435897434
19,19.0,28.8,76.752,1.309090909090909
6,9.0,18.97,53.45285714285715,0.37939999999999996
5,54.0,38.21,69.07666666666667,0.5234246575342466
13,14.0,31.84,1.8942857142857144,0.5685714285714286
8,24.0,25.8,56.16,0.3225
59,46.0,10.95,18.1475,0.1422077922077922
6,10.0,44.44,238.47857142857146,0.6087671232876712
14,61.0,17.72,22.048000000000002,0.5716129032258064
5,29.0,24.09,20.485000000000003,0.3169736842105263
69,-15.0,33.58,15.955714285714285,0.3534736842105263
8,9.0,18.03,143.17777777777778,0.2404
15,69.0,15.06,130.96125,0.3012
2,1.0,8.76,480.0,0.11526315789473685
19,30.0,37.21,78.71849999999999,0.43776470588235294
4,33.0,24.55,383.13599999999997,0.4232758620689655
8,24.0,59.27,143.61666666666667,0.6110309278350515
32,100.0,20.06,7.787878787878788,1.0557894736842104
52,-8.0,20.79,24.657169811320752,1.89
8,7.0,24.35,8.088888888888889,0.24595959595959596
27,29.0,32.43,50.58857142857143,0.9008333333333334
0,100.0,25.3,1059.96,0.5382978723404256
28,29.0,36.12,21.646551724137932,0.4013333333333333
14,38.0,20.21,8.004,1.8372727272727274
10,19.0,16.18,48.56363636363637,1.7977777777777777
33,40.0,12.02,17.723529411764705,0.6677777777777778
27,21.0,7.76,20.357142857142858,0.36952380952380953
5,50.0,24.82,142.89,3.1025
23,53.0,26.99,0.0425,2.0761538461538462
1,22.0,23.69,513.37,0.3037179487179487
25,-3.0,42.43,28.073076923076922,0.6734920634920635
16,32.0,42.28,86.31,0.9609090909090909
1,72.0,26.65,515.775,1.7766666666666666
17,5.0,12.06,34.34,0.8614285714285714
13,40.0,24.33,134.995,0.27965517241379306
13,-6.0,24.0,93.84,0.3157894736842105
5,-1.0,23.43,189.04,1.065
4,69.0,23.02,198.36,0.44269230769230766
21,50.0,23.47,95.63272727272728,0.6176315789473684
4,40.0,26.13,95.396,0.27797872340425533
8,-39.0,23.64,129.73333333333335,0.26266666666666666
17,30.0,32.08,67.19111111111111,0.4518309859154929
1,48.0,33.6,76.64999999999999,0.8615384615384616
13,-13.0,20.89,191.57999999999998,1.4921428571428572
13,19.0,42.71,46.09285714285715,1.016904761904762
17,52.0,20.2,80.73611111111111,0.3607142857142857
6,-15.0,13.82,216.42857142857142,3.455
8,-20.0,33.81,82.78666666666666,0.6501923076923077
6,-14.0,21.83,305.2457142857143,0.5076744186046511
24,40.0,33.21,97.92,0.7065957446808511
2,13.0,5.96,378.96333333333337,0.5418181818181819
49,56.0,43.92,26.233199999999997,0.68625
15,33.0,36.72,0.048125,0.41727272727272724
32,30.0,15.0,35.22606060606061,0.30612244897959184
8,-7.0,15.21,79.47777777777779,2.172857142857143
6,39.0,46.72,89.0,0.5989743589743589
34,6.0,22.63,14.337714285714286,7.543333333333333
1,48.0,21.66,348.7,0.4708695652173913
1,33.0,7.34,192.15,0.30583333333333335
5,0.0,26.49,347.2616666666667,0.66225
48,25.0,27.72,25.685714285714287,1.3199999999999998
15,32.0,37.15,7.665000000000001,0.45304878048780484
12,12.0,16.01,25.28230769230769,0.4851515151515152
18,51.0,14.8,99.81052631578947,0.21449275362318843
8,0.0,34.51,93.07666666666667,0.387752808988764
21,92.0,40.07,15.390909090909092,0.9106818181818181
7,58.0,14.29,134.05875,0.17011904761904761
26,40.0,40.82,35.49666666666667,1.457857142857143
4,30.0,30.38,109.6,2.025333333333333
4,20.0,40.92,475.72799999999995,0.682
11,48.0,29.3,94.69500000000001,1.465
8,36.0,4.78,19.94,0.06927536231884059
15,53.0,28.48,115.67500000000001,0.32
6,74.0,40.6,215.42142857142858,8.120000000000001
3,46.0,21.06,118.845,0.3694736842105263
9,61.0,26.12,51.575,0.28703296703296705
12,13.0,28.24,21.95307692307692,0.3036559139784946
2,23.0,1.0,325.5266666666667,0.016666666666666666
12,79.0,46.71,23.973076923076924,0.7186153846153847
5,47.0,20.99,159.39,0.22569892473118278
7,37.0,35.06,39.06,0.6492592592592593
4,7.0,29.13,249.584,0.3201098901098901
40,58.0,42.58,44.04780487804877,1.6376923076923076
17,6.0,34.06,54.95,0.4602702702702703
4,-2.0,27.65,244.836,2.5136363636363637
15,33.0,21.06,64.515,0.5399999999999999
28,-42.0,37.98,48.43034482758621,0.39562499999999995
7,48.0,11.27,118.36500000000001,0.13258823529411765
26,41.0,36.46,28.301851851851854,0.6629090909090909
2,19.0,19.01,458.93333333333334,0.23182926829268294
25,22.0,42.52,7.037692307692309,1.6353846153846154
11,26.0,31.61,54.28333333333333,1.3743478260869566
3,6.0,36.44,303.0825,0.8676190476190475
7,35.0,30.82,169.1,0.4815625
66,22.0,12.48,18.23283582089552,0.17333333333333334
22,33.0,21.39,33.203478260869566,0.30126760563380284
12,25.0,36.72,21.32384615384615,2.295
1,19.0,31.67,763.84,0.7197727272727273
8,38.0,41.81,16.977777777777774,0.8040384615384616
4,53.0,34.03,32.572,0.5401587301587302
1,14.0,20.33,395.92,3.388333333333333
11,41.0,22.04,136.55,0.29783783783783785
32,45.0,31.03,32.85757575757576,0.3447777777777778
16,30.0,6.86,115.8335294117647,0.0890909090909091
4,59.0,46.73,59.472,2.459473684210526
12,91.0,34.42,72.25,0.395632183908046
43,27.0,42.27,12.822727272727274,0.7164406779661018
19,24.0,14.19,111.917,0.1542391304347826
17,23.0,42.45,86.82666666666667,0.8490000000000001
51,48.0,52.31,0.6184615384615385,1.1371739130434784
24,30.0,16.79,42.48,0.35723404255319147
2,-17.0,37.71,336.8733333333333,0.40548387096774197
6,4.0,30.01,128.98142857142858,0.36597560975609755
50,30.0,14.56,36.80352941176471,0.1582608695652174
10,25.0,34.93,25.67,0.998
1,-4.0,38.34,108.135,1.1618181818181819
9,75.0,23.99,76.328,0.48959183673469386
17,6.0,41.66,39.445,5.2075
90,31.0,13.33,1.8883516483516485,0.18013513513513513
5,24.0,15.05,360.22,0.20616438356164385
10,-2.0,31.37,35.82363636363636,0.8713888888888889
31,35.0,30.25,43.4109375,0.55
6,41.0,22.83,46.221428571428575,1.426875
1,15.0,38.1,242.82,2.1166666666666667
44,19.0,35.31,8.58,0.7846666666666667
10,48.0,38.58,118.7681818181818,0.5144
10,-29.0,28.77,97.18181818181819,0.37855263157894736
14,4.0,36.03,109.24000000000001,0.4340963855421687
0,36.0,25.54,1098.86,1.8242857142857143
40,14.0,50.54,52.142682926829266,0.7019444444444445
6,13.0,21.87,194.5542857142857,1.0414285714285714
7,57.0,51.05,16.8675,1.1872093023255814
2,11.0,30.35,586.11,0.5518181818181819
7,89.0,16.24,257.9775,0.5238709677419354
24,-22.0,43.68,39.748000000000005,0.6066666666666667
24,-36.0,31.26,13.031199999999998,0.5124590163934426
41,56.0,38.51,26.284285714285716,0.42318681318681317
7,0.0,42.24,32.418749999999996,0.64
18,0.0,33.38,31.776315789473685,1.2838461538461539
10,59.0,24.08,101.67272727272729,0.2646153846153846
24,15.0,39.76,66.4836,2.2088888888888887
18,57.0,30.01,65.75210526315789,0.5557407407407408
6,11.0,36.86,230.87714285714287,0.44951219512195123
6,40.0,8.46,1.78,1.0575
4,14.0,34.47,19.764000000000003,0.8838461538461538
12,2.0,23.61,73.44,0.2713793103448276
49,81.0,46.53,11.67,7.755
3,63.0,36.23,489.39000000000004,0.3854255319148936
1,8.0,32.4,332.2,0.8099999999999999
1,24.0,34.86,583.335,0.8106976744186046
22,74.0,20.02,32.133043478260866,0.2129787234042553
6,0.0,46.23,101.4,0.5569879518072289
3,1.0,49.91,295.2625,3.119375
6,44.0,33.93,132.71428571428572,0.4647945205479452
15,98.0,45.9,47.722500000000004,0.5215909090909091
11,31.0,24.31,162.87833333333336,0.45867924528301884
20,61.0,22.03,34.17142857142857,0.3288059701492537
6,0.0,30.41,315.32142857142856,0.3201052631578947
9,40.0,34.35,18.345000000000002,0.6361111111111112
1,19.0,26.06,201.08,0.268659793814433
1,85.0,35.38,950.8,1.105625
9,77.0,33.06,202.176,0.5603389830508475
5,98.0,20.02,135.76500000000001,0.2471604938271605
14,9.0,35.19,80.87666666666668,0.41892857142857143
0,31.0,38.64,1980.3,1.2075
1,41.0,31.71,201.305,0.7206818181818182
30,10.0,41.53,2.0935483870967744,3.1946153846153846
12,33.0,17.83,62.01923076923077,0.6148275862068965
18,57.0,34.68,14.26,1.333846153846154
27,13.0,18.3,14.71642857142857,0.44634146341463415
9,8.0,18.86,151.555,0.25486486486486487
21,6.0,23.69,0.7736363636363636,1.1845
11,-10.0,20.58,163.36,0.260506329113924
3,55.0,24.52,284.35,0.5217021276595745
6,8.0,27.86,127.84,0.30955555555555553
10,5.0,38.37,97.71636363636365,0.43112359550561796
5,45.0,26.79,179.75,1.9135714285714285
6,29.0,14.14,24.771428571428572,0.27725490196078434
6,14.0,41.4,38.18285714285714,0.43124999999999997
1,54.0,21.63,603.52,0.6554545454545454
1,13.0,29.41,254.15,0.3128723404255319
0,-35.0,34.47,30.91,1.43625
1,69.0,32.0,1028.58,0.6956521739130435
6,5.0,40.94,308.1257142857143,0.435531914893617
13,8.0,34.79,102.62714285714287,0.5271212121212121
3,8.0,21.39,12.112499999999999,0.2707594936708861
32,31.0,51.79,39.67090909090909,1.9181481481481482
24,21.0,31.94,56.507999999999996,0.6026415094339623
11,59.0,28.53,21.875,3.17
19,79.0,39.64,15.582500000000001,4.955
6,9.0,32.49,281.89714285714285,1.2496153846153848
0,1.0,33.99,1935.99,1.6185714285714288
35,14.0,54.92,28.556666666666665,0.6461176470588236
2,43.0,27.25,113.73,2.477272727272727
44,26.0,26.82,14.63111111111111,0.7057894736842105
12,14.0,31.17,101.67384615384616,0.7421428571428572
5,30.0,40.72,58.77666666666667,0.4286315789473684
10,-36.0,14.93,47.86363636363637,0.5742307692307692
10,30.0,10.34,28.29,0.20679999999999998
0,67.0,24.13,1273.75,0.3712307692307692
6,43.0,13.66,182.42857142857142,0.19239436619718311
20,24.0,25.75,85.30761904761906,0.4681818181818182
10,51.0,35.02,136.9090909090909,0.625357142857143
4,-8.0,21.09,475.12399999999997,0.4793181818181818
6,31.0,15.73,226.07285714285717,0.3346808510638298
29,-23.0,30.69,13.541333333333334,0.33358695652173914
11,40.0,38.63,69.02083333333334,2.414375
11,37.0,13.05,112.58999999999999,0.4209677419354839
48,38.0,38.2,0.5544897959183673,4.775
5,65.0,38.17,346.49499999999995,4.2411111111111115
9,53.0,39.54,7.973999999999999,1.0138461538461538
25,-6.0,42.18,13.640000000000002,0.7669090909090909
21,65.0,52.02,49.158181818181816,2.601
4,23.0,26.44,331.392,0.29707865168539327
2,-29.0,31.1,458.15000000000003,0.7775000000000001
18,26.0,25.84,63.85526315789474,0.42360655737704916
4,49.0,30.02,68.7,10.006666666666666
38,0.0,45.33,9.281538461538462,0.6475714285714286
2,69.0,16.55,453.59999999999997,0.3597826086956522
5,2.0,21.39,88.0,0.436530612244898
0,30.0,43.77,646.3000000000001,1.182972972972973
18,10.0,40.2,39.126315789473686,0.451685393258427
33,-21.0,26.37,7.38,0.2835483870967742
15,0.0,38.54,34.876875,0.6216129032258064
41,8.0,33.41,38.0,0.36315217391304344
2,26.0,45.0,471.59999999999997,0.8333333333333334
1,-60.0,30.75,924.95,3.075
27,51.0,40.26,6.852857142857142,0.49097560975609755
29,51.0,56.42,22.805,1.312093023255814
26,65.0,35.98,2.716296296296296,7.196
24,-14.0,30.49,1.5664000000000002,0.31112244897959185
6,21.0,37.22,106.88142857142857,0.5242253521126761
3,58.0,26.35,126.5,0.3063953488372093
39,60.0,53.88,46.1295,3.3675
5,30.0,31.8,241.4,0.32448979591836735
7,33.0,27.27,279.8125,0.9739285714285714
18,28.0,21.64,88.08105263157894,0.3005555555555556
5,-16.0,40.97,16.066666666666666,0.6828333333333333
25,61.0,38.67,32.87230769230769,0.9207142857142857
1,30.0,25.03,218.4,0.47226415094339624
23,31.0,35.76,32.175000000000004,5.1085714285714285
13,29.0,14.91,17.153571428571432,0.18873417721518987
12,-41.0,31.85,16.533846153846152,0.9367647058823529
9,5.0,34.53,52.1,0.4210975609756098
4,43.0,47.07,403.42400000000004,15.69
9,28.0,22.29,140.38,0.28215189873417723
8,43.0,17.22,95.19,0.3075
13,53.0,21.05,78.345,1.6192307692307693
4,5.0,16.63,237.498,0.30236363636363633
1,14.0,43.37,968.24,4.337
2,25.0,45.49,35.126666666666665,1.684814814814815
18,53.0,33.2,59.781052631578945,0.7904761904761906
0,22.0,42.21,1106.18,1.241470588235294
29,-23.0,31.34,9.244666666666665,0.3482222222222222
17,24.0,29.05,5.455555555555556,0.9683333333333334
21,51.0,26.67,9.863636363636363,0.33337500000000003
27,70.0,26.9,46.848214285714285,5.38
1,38.0,14.52,834.24,0.15612903225806452
25,-14.0,32.64,23.171538461538464,0.37953488372093025
10,17.0,29.6,58.58818181818181,0.3654320987654321
32,44.0,37.45,70.76515151515152,0.58515625
32,55.0,30.94,10.327272727272728,1.066896551724138
0,45.0,28.37,165.92,0.6036170212765958
7,22.0,21.29,98.7275,0.22648936170212766
11,55.0,30.72,124.31666666666668,1.1377777777777778
17,10.0,37.38,73.045,0.5933333333333334
5,35.0,18.57,187.10999999999999,0.40369565217391307
4,52.0,30.87,308.736,0.3118181818181818
7,47.0,32.33,202.125,0.6735416666666666
10,47.0,22.82,11.254545454545456,1.42625
45,47.0,24.12,32.373913043478254,2.412
21,-1.0,32.31,2.509090909090909,0.6462
8,30.0,18.67,122.83444444444444,1.166875
0,2.0,33.5,463.1,0.5
2,21.0,21.05,464.26666666666665,0.25670731707317074
9,-5.0,40.63,55.763999999999996,0.4836904761904762
25,40.0,53.38,50.36538461538461,5.931111111111111
7,-28.0,21.39,101.07,0.26407407407407407
11,48.0,35.34,103.28333333333335,0.3926666666666667
33,30.0,22.73,12.613235294117647,0.4456862745098039
36,87.0,40.41,52.057297297297296,0.7089473684210525
3,23.0,17.35,585.75,1.1566666666666667
0,23.0,34.81,389.28,0.46413333333333334
5,50.0,21.27,284.64,0.3667241379310345
17,25.0,27.93,45.642222222222216,0.481551724137931
45,38.0,19.69,28.343478260869563,1.158235294117647
1,59.0,38.22,557.1750000000001,0.6477966101694915
0,21.0,21.63,29.77,0.3605
32,65.0,35.52,66.83939393939394,0.9600000000000001
20,-20.0,26.56,37.71999999999999,0.2951111111111111
72,78.0,28.86,4.94,0.2915151515151515
7,-23.0,31.48,223.30874999999997,1.748888888888889
8,70.0,22.38,171.82000000000002,2.238
2,-25.0,32.1,57.800000000000004,0.3378947368421053
1,89.0,45.3,117.0,0.5089887640449438
12,34.0,22.22,110.03076923076922,0.4727659574468085
6,1.0,41.72,29.919999999999998,0.43010309278350517
1,85.0,44.98,871.34,1.0709523809523809
32,30.0,21.84,31.45757575757576,0.39
3,23.0,15.45,125.81249999999999,0.965625
20,100.0,33.02,27.64952380952381,0.5413114754098362
4,41.0,24.53,314.03,0.25552083333333336
25,-30.0,48.69,29.157692307692308,0.8852727272727272
1,21.0,30.35,783.5,1.0465517241379312
21,19.0,21.98,84.17863636363637,0.44857142857142857
1,35.0,18.53,672.1750000000001,0.22597560975609757
8,28.0,40.9,89.2,5.1125
19,46.0,24.29,22.28,0.426140350877193
2,-15.0,30.44,348.48,0.3074747474747475
5,13.0,39.56,285.6666666666667,0.8600000000000001
30,39.0,25.16,41.99612903225806,1.258
32,7.0,29.54,1.8818181818181818,1.641111111111111
0,62.0,29.83,1888.11,2.130714285714286
2,7.0,36.83,169.05,1.674090909090909
1,34.0,35.91,818.62,0.7640425531914893
2,26.0,27.8,607.84,0.4212121212121212
52,0.0,30.64,22.09584905660377,0.5022950819672132
12,31.0,26.28,69.86692307692309,0.27663157894736845
9,-9.0,15.22,146.01600000000002,0.15854166666666666
62,16.0,32.58,1.4038095238095238,0.3541304347826087
12,30.0,48.92,146.51923076923077,2.0383333333333336
16,-12.0,21.16,7.616470588235295,0.21373737373737373
6,48.0,22.27,56.68571428571429,0.45448979591836736
7,37.0,21.29,27.195,0.6867741935483871
13,45.0,37.25,107.62714285714286,0.42329545454545453
1,30.0,34.48,550.3,0.7336170212765957
4,-4.0,28.41,165.83999999999997,0.359620253164557
3,29.0,20.82,392.495,1.8927272727272728
