account_id,monthly_login_freq,num_support_tickets,contract_length_months,avg_product_usage_hours,num_users,nps_score,has_admin_activity,last_activity_days_ago,avg_session_length,feature_adoption_score,customer_satisfaction_score,city,gender,churned
A0001,21.0,0,6,28.16,58,,0,5,1.51,89.98,8.42, Chicago , Female,0
A0002,13.0,0,6,18.7,33,6.0,1,20,1.33,11.82,1.33,new york,female,1
A0003,23.0,1,6,32.73,61,32.0,0,2,0.48,31.07,6.6, Austin, Female,0
A0004,,1,6,9.25,4,,0,34,2.04,77.84,, Chicago ,male,1
A0005,,5,24,29.08,99,,0,4,1.92,54.32,, Austin ,female,0
A0006,15.0,2,12,30.16,41,-7.0,0,6,0.86,83.23,2.01,New York,Male,1
A0007,19.0,4,24,37.95,63,-2.0,1,44,1.53,11.16,2.68,New York,Male,1
A0008,23.0,0,12,39.74,65,23.0,0,12,0.94,92.06,0.73,New York,Male,1
A0009,17.0,3,6,24.96,98,93.0,1,6,1.2,93.49,3.55,Chicago,Male,0
A0010,17.0,1,12,28.49,20,61.0,1,44,1.74,15.53,0.27,Austin,Male,0
A0011,17.0,3,6,22.34,19,36.0,0,5,1.91,3.39,5.53,Austin,Male,0
A0012,23.0,4,12,18.72,41,46.0,0,1,1.89,98.98,2.12,Chicago,Male,0
A0013,23.0,3,6,33.1,73,60.0,1,86,1.62,48.23,2.87,New York,Female,0
A0014,15.0,1,24,17.26,56,50.0,0,4,2.14,57.21,9.1,San Francisco,Female,0
A0015,22.0,1,6,25.85,96,20.0,0,28,1.19,61.59,5.03,New York,Female,1
A0016,15.0,3,6,20.05,78,4.0,0,2,1.31,78.97,2.69,San Francisco,Male,0
A0017,19.0,1,24,35.5,37,26.0,0,19,0.2,81.2,5.98,New York,Male,1
A0018,15.0,2,3,48.01,13,60.0,0,11,1.45,19.39,2.02,Chicago,Female,0
A0019,19.0,1,12,16.98,63,21.0,0,59,1.79,23.66,0.74,San Francisco,Male,1
A0020,20.0,2,12,11.47,46,-3.0,0,12,1.64,87.68,0.21,Chicago,Male,1
A0021,12.0,0,24,28.75,70,,0,0,1.19,81.95,9.52,San Francisco,Male,0
A0022,18.0,2,24,30.16,27,26.0,1,13,1.92,61.76,7.25,Austin,Male,1
A0023,23.0,5,24,32.19,50,0.0,0,2,1.46,99.47,8.0,San Francisco,Male,0
A0024,17.0,4,3,25.54,34,16.0,1,24,1.88,73.52,9.81,San Francisco,Male,1
A0025,24.0,2,24,27.99,86,73.0,0,29,1.74,21.58,9.32,San Francisco,Male,0
A0026,24.0,3,12,33.68,97,28.0,1,9,2.21,84.66,7.37,Austin,Male,1
A0027,23.0,2,12,40.4,6,7.0,0,22,1.67,41.47,6.94,Chicago,Male,0
A0028,18.0,5,6,10.45,40,39.0,1,2,1.8,3.62,3.37,Austin,Male,0
A0029,27.0,0,12,26.31,65,87.0,0,10,1.46,32.14,1.04,San Francisco,Male,0
A0030,19.0,2,24,32.14,49,26.0,1,7,1.25,76.36,5.74,New York,Male,1
A0031,16.0,4,24,20.82,3,-40.0,0,14,1.75,96.02,5.76,Austin ,FEMALE,1
A0032,22.0,1,12,47.31,5,49.0,0,0,2.25,27.61,9.52,New York,Male,0
A0033,24.0,2,3,23.65,88,40.0,0,20,1.19,24.65,4.43,Austin,Male,1
A0034,14.0,5,6,29.59,64,32.0,1,1,1.38,56.36,6.91,Austin,Female,0
A0035,25.0,3,24,35.56,66,23.0,1,16,1.51,81.17,5.75,San Francisco,Female,1
A0036,22.0,2,12,24.09,19,5.0,0,0,1.84,74.65,1.77,Chicago,Female,0
A0037,20.0,2,12,11.53,80,75.0,1,26,1.67,56.0,5.92,Chicago,Male,0
A0038,17.0,3,3,25.71,64,-25.0,1,2,1.96,63.14,5.4,San Francisco,Male,0
A0039,25.0,3,12,40.29,37,20.0,1,10,2.49,24.21,4.94,Austin,Female,0
A0040,20.0,2,12,26.63,15,20.0,1,4,1.18,43.26,5.13,Chicago,Female,0
A0041,14.0,0,24,21.54,37,55.0,1,19,1.8,25.54,1.64,Chicago,Female,0
A0042,17.0,0,12,39.26,45,67.0,0,5,1.66,88.44,4.63,Chicago,Male,0
A0043,26.0,2,6,26.69,4,23.0,1,19,1.51,11.26,6.06,San Francisco,Male,1
A0044,,0,12,24.9,58,35.0,0,5,1.8,67.97,4.89,New York,Female,0
A0045,27.0,2,3,31.49,79,38.0,1,20,1.37,26.03,4.89,New York,Male,1
A0046,16.0,0,24,37.71,53,61.0,0,0,1.66,47.56,0.78,New York,Male,0
A0047,17.0,1,6,53.82,56,60.0,0,4,0.85,29.94,,New York,Female,0
A0048,19.0,2,12,38.27,18,13.0,0,10,1.23,32.32,3.21,New York,Female,1
A0049,13.0,2,6,41.6,20,43.0,1,0,2.02,26.04,4.19,Chicago,Female,0
A0050,27.0,5,12,24.94,9,41.0,1,3,2.0,75.28,5.94,Chicago,Male,0
A0051,19.0,5,12,19.74,47,26.0,0,40,1.63,36.57,,Austin,Male,1
A0052,32.0,1,12,30.62,38,,1,56,1.27,72.64,1.59,Chicago,Male,1
A0053,20.0,2,6,31.07,43,30.0,1,20,1.91,45.61,0.15,San Francisco,Male,1
A0054,15.0,2,6,19.21,96,,1,4,2.12,54.72,4.49,Austin,Male,0
A0055,21.0,2,6,28.25,44,-10.0,0,4,1.29,54.33,4.32,Chicago,Female,0
A0056,12.0,2,12,33.99,9,2.0,1,15,0.77,97.59,5.52,Austin,Male,1
A0057,26.0,0,3,33.6,17,54.0,0,1,1.72,36.71,8.33,Austin,Male,0
A0058,16.0,4,12,35.04,62,-6.0,1,44,1.96,20.77,8.02,New York,Female,1
A0059,24.0,4,24,32.91,42,44.0,0,3,1.79,91.18,1.0,Austin,Female,0
A0060,15.0,1,24,24.93,85,27.0,0,118,2.28,17.48,9.34,Chicago,Female,1
A0061,18.0,1,12,24.86,39,60.0,1,10,2.28,83.44,1.1,New York,Female,0
A0062,21.0,3,12,18.01,68,49.0,0,22,1.35,15.02,6.35,Chicago,Male,1
A0063,11.0,7,3,47.85,57,16.0,0,0,1.6,65.87,6.72,New York,Male,0
A0064,19.0,1,12,30.13,79,,1,32,1.25,15.05,6.8,Chicago,Female,1
A0065,24.0,1,24,27.75,97,-29.0,0,4,0.99,92.31,2.65,New York,Male,0
A0066,20.0,4,6,20.71,82,26.0,0,16,1.02,56.5,3.3, New York ,female,1
A0067,21.0,3,12,59.36,58,-8.0,0,24,1.86,32.93,5.49,San Francisco,Male,0
A0068,24.0,2,24,19.27,46,23.0,0,2,1.65,14.03,2.0,Chicago,Male,0
A0069,29.0,2,24,25.71,59,10.0,0,8,1.94,37.12,0.2,Austin,Male,1
A0070,18.0,2,6,34.16,8,3.0,0,10,2.77,70.5,,New York,Female,1
A0071,17.0,1,12,36.0,94,65.0,1,5,1.75,38.5,4.65,Chicago,Female,0
A0072,24.0,3,6,39.58,34,-8.0,0,9,1.11,24.61,6.57,NEW YORK,MALE,1
A0073,20.0,3,6,48.08,76,1.0,0,5,2.02,57.74,1.47,San Francisco,Male,0
A0074,25.0,3,24,35.06,20,9.0,0,6,1.1,41.78,8.41,San Francisco,Female,1
A0075,16.0,2,24,19.44,70,,0,16,2.37,16.58,1.46,San Francisco,Female,1
A0076,28.0,3,12,27.43,75,3.0,1,15,0.51,15.4,8.91,San Francisco,Male,1
A0077,24.0,2,3,33.08,9,19.0,1,3,1.23,70.75,4.5,Austin,Male,0
A0078,20.0,1,24,50.68,10,39.0,0,34,1.81,97.47,5.5,Austin,Female,0
A0079,14.0,5,12,16.02,66,50.0,0,29,2.09,23.31,8.97,New York,Male,0
A0080,23.0,4,6,42.03,9,48.0,0,10,1.16,77.31,,Chicago,Female,0
A0081,24.0,3,12,31.8,43,,1,8,1.07,8.76,,San Francisco,Female,1
A0082,25.0,1,3,38.38,42,41.0,0,7,1.57,38.16,4.46,San Francisco,Male,1
A0083,20.0,3,12,28.98,5,43.0,0,18,2.45,50.67,2.44,Austin,Male,1
A0084,22.0,7,12,21.58,19,10.0,0,16,0.73,26.87,5.28,Austin,Male,1
A0085,24.0,3,6,37.51,68,80.0,1,3,1.34,52.96,2.75,San Francisco,Female,0
A0086,12.0,2,6,36.54,81,62.0,1,16,1.63,88.26,8.64,Chicago,Female,0
A0087,17.0,3,6,39.72,95,24.0,1,4,1.1,94.44,6.07,New York,Female,0
A0088,27.0,0,3,29.87,54,12.0,0,0,1.1,10.06,0.0,New York,Male,0
A0089,23.0,3,12,24.0,24,79.0,0,18,1.38,27.18,8.05,New York,Male,0
A0090,22.0,2,24,14.41,6,29.0,0,15,1.65,97.91,3.3,New York,Female,1
A0091,17.0,2,3,38.19,8,32.0,1,7,1.4,27.04,3.2,Chicago,Female,1
A0092,15.0,1,3,34.24,40,32.0,1,11,2.23,69.27,3.83,Chicago,Male,1
A0093,23.0,2,12,20.34,28,99.0,0,44,1.8,25.35,6.3,Chicago,Female,0
A0094,29.0,2,24,24.61,13,23.0,0,13,1.69,35.64,4.42,Austin,Male,1
A0095,15.0,2,6,25.33,92,29.0,0,16,2.01,19.13,6.29,San Francisco,Male,1
A0096,25.0,2,6,15.17,19,5.0,0,0,1.7,85.63,1.47,Chicago,Female,0
A0097,15.0,5,12,21.82,90,18.0,0,2,1.28,88.26,9.7,New York,Female,0
A0098,29.0,2,6,18.66,94,0.0,0,5,1.37,29.69,7.3,Chicago,Female,0
A0099,23.0,2,3,25.88,33,5.0,0,11,0.94,82.36,2.5,san francisco, Female,1
A0100,13.0,2,12,22.61,79,-24.0,0,22,2.5,35.82,7.24,Austin,Female,1
A0101,26.0,2,12,13.73,37,56.0,1,5,1.97,9.9,5.75, New York,Male ,0
A0102,23.0,0,12,50.23,18,34.0,0,6,0.22,75.81,1.09,Austin,Female,0
A0103,18.0,1,12,42.53,81,37.0,0,4,2.17,59.64,1.78,Chicago,Male,0
A0104,22.0,3,12,22.21,20,28.0,0,4,0.77,27.44,,New York,Female,0
A0105,22.0,4,6,32.72,64,32.0,1,44,1.76,25.3,8.09,New York,Female,1
A0106,24.0,2,6,34.17,29,78.0,1,15,0.4,97.56,5.52,Chicago,Female,0
A0107,26.0,6,6,41.91,37,6.0,0,2,1.29,86.25,3.17,Chicago,Female,0
A0108,19.0,2,6,21.81,47,38.0,0,19,2.17,80.98,,San Francisco,Female,1
A0109,20.0,1,12,40.92,37,38.0,0,19,2.2,12.8,4.84,Chicago,Female,0
A0110,18.0,3,24,24.52,30,64.0,1,16,1.65,75.52,5.25, Chicago , Male,0
A0111,16.0,0,24,16.64,11,43.0,1,2,1.89,21.45,7.02,Chicago,Female,0
A0112,7.0,0,12,37.24,78,44.0,1,7,0.79,97.74,9.7,New York,Female,1
A0113,26.0,5,6,42.91,17,-7.0,0,1,1.77,5.21,4.35,San Francisco,Female,0
A0114,12.0,4,6,55.88,23,5.0,1,25,1.93,35.21,4.06,New York,Female,0
A0115,26.0,1,24,18.0,54,-5.0,1,15,2.78,42.86,3.7,Chicago,Male,1
A0116,23.0,2,12,36.99,37,-44.0,1,10,1.19,82.42,8.27,San Francisco,Male,1
A0117,22.0,1,12,25.9,99,41.0,0,6,1.51,76.62,1.56,Chicago,Male,1
A0118,21.0,0,12,37.83,53,22.0,0,3,1.54,37.5,3.44,New York,Male,0
A0119,24.0,1,12,15.3,85,41.0,0,1,1.85,56.56,7.25,New York,Male,0
A0120,17.0,2,24,17.37,57,31.0,0,52,1.94,83.56,0.16,Chicago,Male,1
A0121,,2,3,22.24,89,37.0,0,3,2.03,1.82,2.89,San Francisco,Female,0
A0122,18.0,1,12,30.79,79,70.0,1,0,1.99,80.22,6.41,New York,Female,0
A0123,13.0,0,24,23.59,46,30.0,1,48,0.76,94.69,1.86,Chicago,Male,1
A0124,22.0,3,6,36.59,67,50.0,1,11,0.19,3.21,3.03,Austin,Female,0
A0125,22.0,4,12,40.27,95,20.0,0,23,1.24,4.56,4.86,Chicago,Female,0
A0126,32.0,4,6,36.0,90,54.0,0,0,1.48,34.45,4.22,Chicago,Female,0
A0127,21.0,5,24,46.19,82,-7.0,1,12,1.19,8.78,1.06,San Francisco,Female,0
A0128,19.0,2,3,34.16,27,-25.0,0,7,1.27,47.93,9.38,Chicago,Female,1
A0129,19.0,2,12,17.83,89,93.0,0,22,1.33,72.87,0.44,Austin,Male,0
A0130,11.0,3,6,43.63,94,85.0,1,0,1.79,56.69,7.5,Chicago,Male,0
A0131,24.0,2,12,23.95,49,-28.0,1,7,0.98,19.64,0.71,Austin,Male,1
A0132,18.0,2,6,39.1,82,28.0,0,24,1.46,65.48,4.67,New York,Male,1
A0133,20.0,3,6,45.74,58,34.0,1,11,1.46,68.49,1.75,Chicago,Male,0
A0134,17.0,7,12,34.57,40,51.0,1,11,1.78,93.24,1.41,San Francisco,Male,0
A0135,20.0,5,24,15.04,13,82.0,1,1,2.08,14.68,1.26,Chicago,Female,0
A0136,23.0,1,6,20.82,69,-1.0,1,2,2.34,69.23,4.53,Austin,Male,0
A0137,17.0,7,6,43.23,17,0.0,0,16,1.13,91.14,5.15,Austin,Female,0
A0138,18.0,1,12,28.31,3,29.0,1,16,0.5,50.16,1.33,San Francisco,Female,1
A0139,21.0,3,12,30.8,9,1.0,0,58,1.38,36.18,9.79,Austin,Male,1
A0140,13.0,1,24,37.59,3,-51.0,0,18,0.71,17.07,2.58,Chicago,Male,1
A0141,31.0,4,6,36.96,51,,1,10,2.87,86.68,4.59,Austin,Male,1
A0142,,4,12,32.79,98,55.0,0,29,1.06,39.42,2.16,Chicago,Female,0
A0143,19.0,3,6,27.91,75,29.0,1,1,1.78,92.49,4.94,Chicago,Male,0
A0144,30.0,4,6,26.87,31,48.0,1,8,1.97,84.78,7.56,Austin,Male,1
A0145,16.0,2,12,38.58,28,44.0,1,5,1.67,37.66,5.21,San Francisco,Male,0
A0146,12.0,4,12,35.54,89,0.0,1,1,2.54,57.39,2.86,New York,Female,0
A0147,,4,12,27.43,47,32.0,0,21,1.4,2.72,,San Francisco,Male,1
A0148,11.0,1,6,40.82,95,-15.0,0,10,1.08,26.32,7.59,New York,Male,0
A0149,27.0,2,12,28.71,99,14.0,0,12,1.06,71.03,1.18,San Francisco,Female,1
A0150,,2,12,21.48,73,31.0,0,7,1.88,67.79,3.7,Chicago,Female,1
A0151,13.0,2,24,22.41,14,29.0,0,9,1.41,35.34,1.51,Chicago,Female,1
A0152,21.0,2,6,20.21,97,-8.0,0,1,1.06,80.86,2.58,Austin,Male,0
A0153,16.0,2,6,27.28,34,-2.0,1,16,1.72,23.58,1.53,New York,Male,1
A0154,22.0,4,6,42.34,22,38.0,1,8,1.85,46.13,8.87,New York,Female,0
A0155,16.0,1,12,21.95,53,54.0,1,25,1.64,47.25,7.32,Austin,Male,0
A0156,16.0,2,6,31.88,83,23.0,1,3,1.95,34.08,5.61,San Francisco,Female,0
A0157,26.0,2,24,23.43,38,22.0,0,3,1.54,95.47,2.24,Austin,Female,0
A0158,21.0,2,6,27.4,69,57.0,0,15,1.2,69.67,5.1,San Francisco,Female,0
A0159,22.0,1,24,14.9,3,6.0,0,28,1.91,53.92,5.21,Austin,Female,1
A0160,18.0,1,6,27.79,29,81.0,1,9,1.05,51.05,5.9, New York, Female,0
A0161,,4,12,28.06,42,-10.0,0,19,0.94,15.93,0.6,New York,Male,1
A0162,30.0,2,24,35.4,99,61.0,1,109,2.08,37.22,9.73,San Francisco,Male,0
A0163,22.0,2,6,32.23,86,46.0,0,69,1.33,67.28,4.65,New York,Male,1
A0164,19.0,1,24,18.02,16,100.0,0,20,2.33,92.46,9.27,New York,Male,0
A0165,23.0,4,12,40.84,71,-3.0,0,20,1.93,81.65,0.1,New York,Female,0
A0166,25.0,0,24,32.1,89,-40.0,0,4,1.29,30.04,2.48,New York,Male,0
A0167,12.0,2,12,31.98,81,67.0,0,26,1.74,43.4,1.04,Chicago,Female,0
A0168,12.0,3,6,29.91,8,-14.0,1,7,2.76,8.29,7.7,Austin,Female,1
A0169,18.0,0,6,24.82,35,48.0,1,49,1.88,10.22,3.2,Austin,Male,1
A0170,19.0,4,6,32.18,57,65.0,0,1,1.79,47.02,8.4,Chicago,Male,0
A0171,21.0,2,3,34.76,21,,1,8,1.2,53.02,8.32,New York,Female,1
A0172,11.0,3,6,12.53,79,36.0,0,12,2.42,26.4,6.68,Austin,Male,1
A0173,21.0,2,6,24.61,31,42.0,1,7,2.16,64.28,6.66,Austin,Male,1
A0174,,2,12,27.45,63,55.0,0,3,1.21,70.34,7.0,Austin,Male,0
A0175,20.0,3,12,32.56,72,47.0,1,13,2.44,29.91,6.74,San Francisco,Male,1
A0176,26.0,3,6,41.93,81,-6.0,0,21,1.58,75.84,3.87,Chicago,Female,0
A0177,18.0,3,6,22.28,82,84.0,0,15,1.08,20.56,6.83,San Francisco,Female,0
A0178,15.0,3,12,25.02,26,31.0,0,4,1.2,54.43,8.97,San Francisco,Male,0
A0179,12.0,1,6,24.87,25,45.0,0,19,1.94,80.43,,Chicago,Female,1
A0180,16.0,1,3,21.98,12,51.0,0,4,1.08,53.7,9.45,Austin,Female,0
A0181,21.0,3,6,26.53,56,,0,2,0.95,90.8,0.14,San Francisco,Male,0
A0182,34.0,3,24,37.71,43,61.0,1,17,1.28,5.85,3.49,Austin,Male,0
A0183,18.0,3,24,19.46,51,33.0,1,27,1.36,58.83,1.32,San Francisco,Female,1
A0184,13.0,1,6,34.28,19,32.0,1,9,1.16,56.18,1.27,Austin,Female,1
A0185,21.0,3,12,12.98,58,42.0,1,11,1.27,66.04,8.15,New York,Female,1
A0186,,0,12,24.39,47,63.0,1,5,1.96,83.34,9.18,New York,Male,0
A0187,22.0,1,12,26.71,32,-3.0,0,10,1.63,72.59,,New York,Female,1
A0188,8.0,1,12,46.75,46,49.0,0,2,1.24,79.03,9.77,Chicago,Female,0
A0189,18.0,1,12,27.25,76,3.0,1,46,1.29,28.88,2.16,New York,Male,1
A0190,19.0,4,6,7.99,57,85.0,1,24,1.43,38.75,1.41,San Francisco,Female,0
A0191,21.0,6,3,10.01,21,41.0,0,16,1.46,62.68,5.21,Austin,Male,1
A0192,20.0,4,12,30.34,31,17.0,0,11,1.46,55.35,8.29,Austin,Male,1
A0193,21.0,4,24,36.14,4,42.0,0,23,1.94,96.11,0.4,Austin,Female,1
A0194,16.0,2,12,33.75,38,30.0,1,10,1.6,18.68,9.96,Austin,Male,1
A0195,24.0,4,24,31.68,21,25.0,0,5,1.61,35.13,6.02,San Francisco,Male,0
A0196,28.0,2,24,41.62,9,-24.0,1,2,2.21,57.28,9.79,Austin,Female,0
A0197,28.0,3,6,24.6,28,0.0,1,15,2.44,86.8,3.65,San Francisco,Male,1
A0198,21.0,2,12,38.95,81,25.0,1,39,0.88,92.93,4.58,San Francisco,Female,1
A0199,29.0,1,12,13.68,40,-20.0,0,2,0.71,33.6,7.52,Austin,Male,0
A0200,11.0,2,24,20.95,5,12.0,0,2,1.33,6.71,7.93,Austin,Male,0
A0201,19.0,3,24,11.93,82,15.0,0,8,1.89,42.16,2.33,Austin,Female,1
A0202,22.0,4,12,27.25,68,6.0,0,24,1.69,39.43,9.3,San Francisco,Female,1
A0203,27.0,1,6,29.54,97,,1,5,2.03,98.65,8.67,Chicago,Female,0
A0204,20.0,1,12,31.14,94,3.0,0,4,1.3,43.11,0.18,San Francisco,Male,0
A0205,,1,6,30.62,73,32.0,0,14,0.52,30.57,1.29,Chicago,Female,1
A0206,17.0,3,12,20.72,96,19.0,0,11,0.82,36.54,4.96,Austin,Male,1
A0207,32.0,1,24,28.1,45,26.0,1,0,1.78,39.69,4.61,San Francisco,Female,0
A0208,14.0,2,6,15.03,64,78.0,0,1,2.03,82.15,7.08,Austin,Male,0
A0209,21.0,2,12,43.63,73,35.0,1,15,0.55,8.1,0.9,Chicago,Female,0
A0210,16.0,6,12,26.96,95,41.0,0,9,2.21,31.65,6.45,Chicago,Male,1
A0211,19.0,5,12,25.11,26,7.0,0,53,1.73,96.63,6.16,San Francisco,Female,1
A0212,20.0,2,6,45.89,41,48.0,0,17,1.46,15.31,2.34,San Francisco,Male,0
A0213,21.0,3,12,17.58,70,47.0,0,0,1.19,74.26,5.42,San Francisco,Male,0
A0214,26.0,5,24,18.74,95,44.0,1,9,2.3,35.64,2.22,San Francisco,Male,1
A0215,,1,24,19.04,46,,0,8,1.95,58.18,1.47,New York,Male,1
A0216,24.0,3,6,29.32,7,12.0,0,1,1.75,9.95,5.73,New York,Female,0
A0217,23.0,1,24,34.32,57,73.0,1,38,1.13,30.64,9.77,Austin,Male,0
A0218,13.0,3,12,37.4,95,9.0,1,24,2.31,50.09,2.37,Chicago,Female,1
A0219,19.0,0,6,55.72,32,77.0,1,3,1.52,23.17,3.55,Chicago,Male,0
A0220,19.0,0,3,7.51,31,13.0,0,4,1.65,54.19,2.57,Austin,Female,0
A0221,27.0,2,6,36.09,28,34.0,0,0,1.54,21.98,2.66,Austin,Male,0
A0222,21.0,1,24,24.43,85,24.0,1,5,1.12,65.01,4.04,Austin,Male,0
A0223,19.0,1,12,24.14,28,,1,13,1.66,90.44,7.02,New York,Female,1
A0224,20.0,3,12,23.8,39,5.0,1,8,1.85,8.55,0.39,Austin,Female,1
A0225,18.0,2,6,20.91,93,8.0,0,52,1.28,21.66,9.57,Chicago,Male,1
A0226,24.0,2,12,46.85,96,34.0,1,0,1.62,84.44,0.46,Austin,Female,0
A0227,13.0,2,3,38.42,55,56.0,1,13,1.53,63.16,8.81,SAN FRANCISCO,FEMALE,0
A0228,14.0,3,6,30.23,32,32.0,0,29,1.96,7.87,,Chicago,Female,1
A0229,15.0,4,12,43.51,5,28.0,1,9,1.35,48.64,5.24,Chicago,Male,0
A0230,13.0,1,6,14.87,45,66.0,1,0,1.61,20.98,1.37,Chicago,Female,0
A0231,25.0,1,24,16.69,9,31.0,0,4,1.72,19.91,5.65,New York,Male,0
A0232,22.0,2,6,8.22,51,13.0,0,5,1.34,94.06,6.29,New York,Female,0
A0233,16.0,2,12,23.01,75,0.0,1,50,1.09,76.15,8.58,Chicago,Female,1
A0234,,2,12,31.62,43,68.0,0,36,1.17,69.62,5.51,San Francisco,Male,0
A0235,16.0,1,12,31.03,79,20.0,0,44,1.7,23.89,4.11,Chicago,Female,1
A0236,12.0,2,6,31.49,81,12.0,0,26,1.38,11.86,,New York,Female,1
A0237,15.0,3,3,15.89,56,10.0,0,6,1.38,87.08,9.81,San Francisco,Female,1
A0238,19.0,1,24,38.03,71,66.0,1,35,1.8,0.59,6.45,Chicago,Female,0
A0239,23.0,6,6,32.4,95,12.0,0,60,2.01,38.81,8.74,New York,Female,1
A0240,12.0,3,24,37.33,93,59.0,0,6,2.1,27.76,5.99,San Francisco,Female,0
A0241,26.0,3,24,11.07,29,23.0,1,4,1.19,57.04,6.9,Austin,Female,0
A0242,15.0,0,6,33.11,10,-6.0,0,11,1.96,25.05,6.88,Austin,Male,1
A0243,16.0,3,6,18.12,34,20.0,0,3,2.54,31.12,7.05,Chicago,Male,0
A0244,24.0,0,12,26.03,86,29.0,1,0,1.56,85.0,3.21,Austin,Male,0
A0245,20.0,4,24,35.34,66,26.0,0,43,1.46,60.32,5.76,New York,Male,1
A0246,19.0,1,24,30.91,12,25.0,0,39,1.36,14.57,5.94,San Francisco,Male,1
A0247,12.0,2,12,21.48,15,20.0,1,2,0.97,72.65,3.15,Chicago,Female,0
A0248,22.0,3,12,30.06,65,6.0,1,7,1.92,20.75,3.5,San Francisco,Male,1
A0249,16.0,1,6,14.68,95,30.0,1,26,1.47,43.3,7.62,San Francisco,Male,1
A0250,15.0,0,24,41.5,37,46.0,1,16,1.43,64.66,5.83,San Francisco,Female,0
A0251,14.0,3,24,27.95,63,-13.0,1,7,1.84,27.19,1.49,New York,Male,1
A0252,22.0,2,6,41.19,56,68.0,1,20,1.89,38.41,,Chicago,Female,0
A0253,26.0,2,6,24.73,10,-80.0,1,34,1.2,73.41,8.83,Austin , Female ,1
A0254,11.0,0,6,24.76,31,32.0,0,39,1.21,93.79,4.66,San Francisco,Male,1
A0255,19.0,3,6,22.36,97,,0,7,1.19,52.92,2.09,San Francisco,Male,1
A0256,20.0,5,24,38.76,43,11.0,1,2,2.56,1.0,9.48,san francisco,female,0
A0257,15.0,1,6,22.91,32,-33.0,0,36,2.24,33.85,8.82,New York,Female,1
A0258,21.0,2,3,36.45,88,27.0,0,1,1.85,39.86,2.44,Austin,Male,0
A0259,21.0,2,6,26.18,23,35.0,0,19,1.31,33.92,0.96,San Francisco,Female,1
A0260,15.0,6,24,10.24,78,-4.0,0,2,1.37,43.63,4.41,New York,Male,0
A0261,18.0,1,12,24.3,13,5.0,0,7,1.68,63.27,6.76,New York,Male,1
A0262,14.0,2,12,18.21,4,58.0,1,7,2.6,12.11,1.75,San Francisco,Male,0
A0263,13.0,2,6,30.34,52,33.0,1,2,1.64,27.26,5.13,San Francisco,Male,0
A0264,13.0,1,24,18.1,43,-15.0,1,38,1.75,50.76,4.25,New York,Female,1
A0265,23.0,2,24,39.26,68,43.0,1,0,0.23,31.56,8.91,New York,Female,0
A0266,17.0,0,6,29.09,5,2.0,0,33,1.63,99.11,4.3,San Francisco,Male,1
A0267,30.0,4,3,28.22,82,6.0,0,32,0.8,43.14,5.34,New York,Male,1
A0268,22.0,2,3,36.56,53,35.0,0,5,1.26,86.98,9.55,New York,Female,0
A0269,24.0,3,6,39.64,70,33.0,1,18,1.52,89.65,3.0,San Francisco,Female,1
A0270,16.0,1,12,29.8,89,17.0,0,4,1.35,83.6,2.89,San Francisco,Female,0
A0271,22.0,2,24,22.29,86,14.0,0,21,1.18,4.69,8.0,Chicago,Female,1
A0272,16.0,3,12,12.26,27,22.0,1,12,1.19,94.77,2.78,Austin,Female,1
A0273,15.0,3,24,23.14,32,6.0,0,5,1.39,12.87,8.32,San Francisco,Male,0
A0274,15.0,3,12,23.83,84,62.0,1,7,1.37,3.44,0.96,San Francisco,Male,0
A0275,20.0,0,12,31.07,13,-17.0,1,17,1.51,41.44,1.11,San Francisco,Male,1
A0276,18.0,1,12,26.55,95,22.0,0,35,1.47,19.46,9.01,Austin,Male,1
A0277,19.0,2,6,36.88,19,-13.0,0,2,2.14,18.42,5.41,Chicago,Female,0
A0278,15.0,0,6,23.87,28,58.0,1,12,0.48,28.78,7.19,New York,Female,0
A0279,26.0,4,12,29.43,25,22.0,0,4,1.62,24.84,2.25,Austin,Male,0
A0280,21.0,5,3,41.84,58,-1.0,0,24,1.54,68.48,1.66,San Francisco,Male,0
A0281,19.0,0,6,33.42,54,50.0,0,1,1.43,18.68,8.35,San Francisco,Female,0
A0282,16.0,0,12,29.4,50,-38.0,1,17,1.15,54.31,3.59,Chicago,Male,1
A0283,31.0,7,24,23.98,22,38.0,0,2,1.43,98.64,4.55,Chicago,Male,0
A0284,19.0,0,12,23.67,4,,1,13,0.68,43.24,0.28,Chicago,Female,0
A0285,16.0,2,24,21.49,90,35.0,1,27,1.6,64.19,3.86,New York,Female,1
A0286,,0,12,24.59,33,14.0,0,21,1.69,96.94,7.7,Austin,Female,1
A0287,23.0,3,12,37.56,29,-7.0,1,20,1.15,13.76,8.21,Austin,Male,1
A0288,19.0,3,12,27.78,4,62.0,0,10,2.47,41.86,6.99,Chicago,Female,0
A0289,17.0,3,24,16.5,80,57.0,0,33,1.44,85.02,6.92,New York,Female,0
A0290,19.0,6,12,47.68,6,10.0,1,13,1.52,93.23,5.06,Austin,Male,0
A0291,19.0,5,12,33.2,15,11.0,1,37,2.17,60.12,5.38,San Francisco,Female,1
A0292,24.0,3,12,15.93,37,65.0,0,11,2.57,14.34,7.43,San Francisco,Male,0
A0293,16.0,4,12,25.58,74,45.0,1,10,0.94,90.15,,San Francisco,Male,1
A0294,29.0,6,6,31.11,68,-23.0,1,3,1.21,17.44,2.32,Austin,Male,0
A0295,22.0,3,3,47.05,8,24.0,1,11,1.45,35.29,9.5,Chicago,Male,0
A0296,24.0,2,3,18.92,33,23.0,0,2,1.13,37.55,0.28,San Francisco,Female,0
A0297,16.0,4,24,39.76,12,37.0,1,30,1.92,44.73,1.39,Chicago,Male,1
A0298,15.0,1,6,43.99,23,,0,16,1.07,79.02,5.7,New York,Female,0
A0299,19.0,2,6,23.71,76,14.0,0,75,2.13,80.21,7.38,San Francisco,Female,1
A0300,16.0,4,12,27.22,25,35.0,1,1,1.81,71.97,,New York,Female,0
A0301,25.0,1,6,19.64,5,16.0,1,4,2.08,2.21,3.55,Chicago,Female,0
A0302,16.0,6,12,27.97,34,100.0,0,31,1.08,56.48,9.78,Austin,Female,0
A0303,25.0,2,6,29.63,22,33.0,0,7,1.31,74.75,7.04,Chicago,Male,1
A0304,25.0,3,24,36.6,76,29.0,0,9,1.95,44.46,,San Francisco,Female,1
A0305,15.0,2,24,40.9,31,85.0,1,29,1.86,94.49,0.4,San Francisco,Male,0
A0306,21.0,0,24,22.52,54,-10.0,0,11,1.36,82.38,2.36,Chicago,Male,1
A0307,17.0,2,12,10.33,48,26.0,0,3,1.43,63.82,3.74,San Francisco,Male,0
A0308,14.0,5,12,29.79,36,1.0,0,33,1.28,6.24,1.83,San Francisco,Female,1
A0309,20.0,4,6,32.94,86,49.0,1,0,1.41,65.23,0.73,New York,Female,0
A0310,26.0,3,3,32.49,63,15.0,1,33,1.02,91.16,2.25,Austin,Female,1
A0311,25.0,5,3,26.73,74,47.0,1,0,0.93,37.94,5.34,Chicago,Female,0
A0312,20.0,1,12,31.25,73,45.0,1,16,2.0,83.81,6.96, New York ,male,1
A0313,21.0,5,12,45.15,72,53.0,0,1,1.4,31.32,7.74, San Francisco , Female ,0
A0314,30.0,1,12,33.82,13,45.0,0,18,2.08,57.01,0.43,New York,Female,1
A0315,21.0,1,3,26.27,84,23.0,0,0,1.8,64.84,4.28,AUSTIN,MALE,0
A0316,26.0,1,12,25.0,95,,1,27,1.66,67.8,1.22,Chicago,Male,1
A0317,19.0,1,12,28.3,91,60.0,0,9,1.14,88.25,4.31,Austin,Male,0
A0318,10.0,1,12,46.37,65,72.0,0,1,0.89,23.46,4.34,Austin,Male,0
A0319,26.0,4,12,28.17,23,1.0,0,18,1.27,26.24,4.98,New York,Male,1
A0320,17.0,2,6,29.8,5,52.0,0,10,2.27,70.4,8.93,New York,Male,0
A0321,22.0,1,24,25.18,84,-5.0,0,3,1.94,17.72,8.05,Austin,Male,0
A0322,16.0,2,12,40.99,90,36.0,1,0,1.22,46.43,6.37,San Francisco,Female,0
A0323,23.0,1,6,49.6,12,42.0,1,8,1.28,2.0,8.85,Chicago,Female,0
A0324,14.0,3,6,34.51,29,17.0,1,1,1.04,14.1,6.78,San Francisco,Male,0
A0325,14.0,2,12,30.83,14,32.0,1,1,0.73,67.88,8.19,San Francisco,Male,0
A0326,18.0,0,24,30.37,9,55.0,0,4,1.55,74.75,5.64,Chicago,Female,0
A0327,25.0,2,12,6.16,19,26.0,0,14,2.36,11.53,5.25,New York,Male,1
A0328,21.0,2,6,37.45,67,9.0,1,11,2.37,22.77,7.24,San Francisco,Male,1
A0329,14.0,3,24,31.34,66,-6.0,1,1,1.8,9.89,0.2,New York,Male,0
A0330,,2,12,34.28,28,18.0,0,51,1.2,43.34,6.9,Chicago,Male,1
A0331,,0,12,22.89,17,-5.0,1,32,0.78,12.61,9.35,San Francisco,Male,1
A0332,14.0,3,12,26.16,35,18.0,0,4,2.02,43.73,7.14,New York,Female,0
A0333,22.0,1,6,25.89,64,16.0,0,1,1.72,73.21,0.37,New York,Male,0
A0334,25.0,3,12,40.22,49,54.0,1,42,1.34,68.34,3.78,San Francisco,Male,0
A0335,22.0,5,6,26.21,97,32.0,0,9,1.26,28.05,8.1,Chicago,Male,1
A0336,20.0,4,24,50.83,37,100.0,0,5,1.8,67.38,9.59,Austin,Female,0
A0337,,3,12,34.31,67,-30.0,0,10,1.09,92.77,3.7,new york,female,1
A0338,,4,12,17.24,74,39.0,0,22,1.62,34.75,8.41,Chicago,Male,1
A0339,22.0,2,12,28.71,78,16.0,1,2,0.89,32.91,8.64,San Francisco,Male,0
A0340,22.0,1,24,23.48,85,1.0,1,21,2.61,57.14,1.23,New York,Male,1
A0341,14.0,3,24,8.06,27,29.0,1,20,1.16,24.55,8.46,New York,Male,1
A0342,25.0,4,12,45.99,59,26.0,1,11,1.82,65.16,3.24,New York,Female,0
A0343,23.0,1,12,37.03,34,62.0,0,30,0.9,83.23,5.93,Chicago,Female,0
A0344,11.0,2,12,35.33,65,32.0,0,2,1.42,45.93,,New York,Male,0
A0345,25.0,1,12,31.65,14,9.0,0,13,1.94,67.95,6.63,New York,Male,1
A0346,22.0,1,6,16.18,65,40.0,0,8,2.05,65.19,7.4,San Francisco,Female,1
A0347,15.0,3,12,25.16,79,23.0,0,8,1.88,3.87,4.41,New York,Female,1
A0348,14.0,3,6,38.42,94,-3.0,1,4,1.43,18.34,8.88,Chicago,Male,0
A0349,15.0,3,24,19.49,3,22.0,1,6,1.17,89.35,8.09,San Francisco,Male,1
A0350,17.0,0,6,4.68,53,36.0,0,1,0.96,93.89,7.85,Austin,Male,0
A0351,25.0,3,24,27.73,72,32.0,1,4,2.25,78.04,4.58,San Francisco,Female,0
A0352,15.0,2,12,28.58,10,39.0,0,4,1.55,92.12,0.38,New York,Female,0
A0353,21.0,2,12,31.36,70,14.0,1,19,1.64,30.61,4.92,Austin,Female,1
A0354,21.0,0,12,37.29,7,39.0,1,0,2.08,24.77,8.98,San Francisco,Female,0
A0355,21.0,4,6,36.38,91,,0,15,1.79,38.43,1.9,New York,Male,1
A0356,24.0,3,6,32.59,88,33.0,0,3,1.44,5.53,9.83,San Francisco,Female,0
A0357,27.0,2,3,41.96,94,30.0,1,1,1.87,80.99,8.08,Chicago,Female,0
A0358,19.0,1,12,14.81,41,95.0,1,5,1.19,98.42,7.1,New York,Female,0
A0359,,3,12,35.05,25,63.0,1,3,0.72,82.4,6.77,Chicago,Male,0
A0360,24.0,3,12,36.27,70,38.0,1,12,2.21,55.5,5.87,New York,Female,1
A0361,13.0,2,6,17.6,54,5.0,1,6,1.23,29.53,7.21,Chicago,Female,1
A0362,15.0,4,6,14.97,6,21.0,0,50,1.35,19.77,4.22,Austin,Female,1
A0363,15.0,0,12,22.54,49,78.0,0,49,1.39,36.41,8.45,Chicago,Male,0
A0364,21.0,1,24,23.38,23,13.0,0,8,1.2,66.7,6.96,San Francisco,Female,1
A0365,18.0,4,12,37.53,58,25.0,0,23,2.05,44.71,7.71,New York,Male,1
A0366,28.0,0,12,23.85,68,23.0,0,0,1.69,93.41,7.92,San Francisco,Male,0
A0367,22.0,1,12,21.44,61,,1,11,1.35,85.42,0.92,Chicago,Female,1
A0368,21.0,3,3,23.88,9,16.0,0,20,0.86,10.24,0.56,New York,Male,1
A0369,20.0,1,24,41.19,51,35.0,0,3,1.65,13.15,8.01,Chicago,Female,0
A0370,16.0,1,12,30.13,18,17.0,1,0,0.27,67.62,2.59,Austin,Male,0
A0371,11.0,1,6,28.21,19,69.0,0,2,1.62,23.08,5.82,Austin,Male,0
A0372,18.0,2,12,28.9,86,9.0,0,8,2.17,79.1,4.44,Austin,Female,1
A0373,19.0,3,6,42.92,89,59.0,1,10,1.53,59.14,0.22,Chicago,Female,0
A0374,24.0,2,24,22.51,77,12.0,1,7,2.1,22.98,0.4,Chicago,Male,1
A0375,23.0,2,6,43.16,36,4.0,0,8,0.89,47.87,8.27,Austin,Male,0
A0376,25.0,2,12,32.1,35,8.0,0,9,2.52,40.61,6.08,Chicago,Male,1
A0377,20.0,3,6,28.4,28,-21.0,1,22,2.05,87.32,5.24,san francisco,Male ,1
A0378,19.0,1,12,55.01,68,43.0,0,1,1.74,3.22,9.44,Chicago,Female,0
A0379,19.0,4,12,19.44,65,-4.0,0,21,1.2,89.58,1.73,San Francisco,Male,1
A0380,15.0,1,12,26.46,89,19.0,1,17,1.12,65.21,2.58,Austin,Male,1
A0381,21.0,5,12,17.68,43,52.0,0,20,1.46,73.75,7.57,Chicago,Female,0
A0382,,5,24,39.52,88,51.0,0,19,2.1,0.26,7.75,Austin,Male,0
A0383,15.0,1,3,46.89,60,-12.0,0,9,0.84,62.82,4.05,New York,Female,0
A0384,22.0,1,6,46.7,81,39.0,1,3,1.51,58.85,9.51,Chicago,Female,0
A0385,19.0,4,6,42.24,12,64.0,1,11,1.87,53.72,9.38,Chicago,Female,0
A0386,19.0,1,24,28.02,17,10.0,0,47,1.96,78.59,0.12,Austin,Male,1
A0387,29.0,1,6,26.35,44,45.0,0,13,1.87,55.59,1.72,Austin,Female,1
A0388,29.0,4,12,13.29,95,-4.0,0,0,0.79,85.71,8.2,Austin,Female,0
A0389,15.0,3,12,50.36,59,41.0,0,0,2.07,23.26,3.35,New York,Female,0
A0390,26.0,0,6,34.69,89,,0,74,1.53,80.6,0.95,New York,Male,1
A0391,24.0,1,6,25.08,19,49.0,1,1,0.96,17.93,7.85,Austin,Male,0
A0392,17.0,2,6,43.28,62,47.0,0,0,1.49,81.31,4.55,Chicago,Male,0
A0393,28.0,2,12,20.27,11,-10.0,0,6,0.52,94.05,,Chicago,Male,1
A0394,14.0,5,6,34.07,38,34.0,0,52,1.79,33.57,1.86,Austin,Female,1
A0395,27.0,3,3,28.27,75,73.0,0,5,1.44,52.99,6.61,San Francisco,Female,0
A0396,21.0,1,24,36.39,82,-35.0,0,7,0.86,65.83,5.51, New York,FEMALE,1
A0397,29.0,3,24,29.36,38,59.0,0,15,1.35,7.95,,New York,Male,0
A0398,18.0,4,6,15.49,50,78.0,1,0,1.15,49.41,3.4,San Francisco,Female,0
A0399,14.0,2,6,30.76,53,-14.0,1,34,1.18,36.06,5.97,Austin,Male,1
A0400,11.0,1,3,40.49,99,9.0,0,10,0.37,87.25,9.25,Chicago,Male,0
A0401,,2,12,29.71,97,45.0,0,9,0.66,87.67,9.2,Chicago,Male,1
A0402,9.0,2,24,37.75,72,3.0,0,29,1.39,70.08,2.88,New York,Female,1
A0403,19.0,2,6,19.54,76,70.0,0,45,1.3,65.57,7.36,San Francisco,Female,0
A0404,15.0,1,6,29.74,82,61.0,1,8,1.99,73.37,7.76,Chicago,Male,0
A0405,26.0,0,12,23.75,70,-11.0,0,2,1.18,36.6,8.09,New York,Female,0
A0406,14.0,3,12,37.47,24,7.0,1,25,1.24,40.45,5.71,Chicago,Male,1
A0407,24.0,7,3,30.31,79,53.0,1,7,1.26,55.37,0.11,Chicago,Female,0
A0408,24.0,2,12,36.9,82,51.0,1,41,1.4,93.8,7.62,Chicago,Male,0
A0409,25.0,3,6,40.88,95,96.0,1,44,1.55,72.4,1.07,New York,Male,0
A0410,,3,6,36.92,8,3.0,0,1,1.3,55.1,1.17,San Francisco,Male,0
A0411,24.0,2,12,32.73,28,73.0,1,47,1.79,77.04,6.06,Austin,Female,0
A0412,21.0,2,24,20.02,77,2.0,1,6,2.65,37.09,9.84,San Francisco,Female,1
A0413,17.0,2,12,29.97,90,45.0,1,15,1.09,73.05,2.43,Chicago,Female,1
A0414,20.0,1,24,24.67,95,56.0,0,0,1.7,41.07,6.46,San Francisco,Female,0
A0415,18.0,4,12,26.56,5,-59.0,1,32,1.51,27.97,3.04,Chicago,Female,1
A0416,8.0,3,12,26.25,54,57.0,0,15,2.02,60.97,8.99,New York,Male,0
A0417,17.0,1,12,20.2,76,71.0,1,15,1.6,68.69,5.94,New York,Female,0
A0418,22.0,2,24,10.43,62,62.0,0,34,1.14,45.93,2.07,New York,Male,0
A0419,21.0,2,24,23.32,65,91.0,1,10,0.92,56.55,2.62,Chicago,Female,0
A0420,27.0,4,3,31.93,67,58.0,0,7,1.81,69.41,4.32,San Francisco,Female,0
A0421,19.0,1,24,16.52,54,13.0,0,30,0.96,76.77,1.22,Austin,Female,1
A0422,,2,24,30.16,92,67.0,0,20,2.09,89.56,0.79,Austin,Male,0
A0423,22.0,0,12,49.0,78,12.0,0,44,1.78,35.45,6.8,New York,Female,0
A0424,14.0,3,6,40.23,16,32.0,0,42,1.54,95.15,4.07,Austin,Male,0
A0425,17.0,3,24,46.44,91,54.0,0,7,0.84,63.73,7.26,Chicago,Female,0
A0426,23.0,2,24,33.91,74,43.0,1,8,1.84,78.77,1.1,San Francisco,Male,1
A0427,18.0,0,6,41.68,70,70.0,1,4,2.31,69.98,6.1,Austin,Male,0
A0428,25.0,4,24,22.76,30,100.0,1,16,1.29,20.56,4.43,Austin,Male,0
A0429,24.0,3,3,23.56,73,-4.0,0,6,1.13,7.14,0.58,San Francisco,Male,1
A0430,,4,6,2.61,12,20.0,0,23,1.45,72.63,,Austin,Female,1
A0431,21.0,1,12,41.86,59,39.0,0,1,1.73,51.11,0.83,San Francisco,Female,0
A0432,14.0,4,12,45.4,68,16.0,1,1,1.23,70.22,8.28,Chicago,Male,0
A0433,15.0,3,12,24.47,92,27.0,1,3,1.95,47.68,6.32,Chicago,Female,0
A0434,23.0,4,3,27.46,52,53.0,0,1,2.46,31.22,5.57,Chicago,Male,0
A0435,15.0,0,24,22.46,16,49.0,0,14,1.67,28.5,1.33,New York,Female,1
A0436,16.0,2,3,33.83,18,37.0,1,2,1.34,73.05,2.87,Chicago,Female,0
A0437,21.0,1,6,41.25,56,34.0,1,2,1.72,27.68,4.93, Austin ,Female ,0
A0438,10.0,1,3,12.57,45,23.0,1,0,2.09,71.47,6.33,New York,Male,0
A0439,24.0,2,12,34.09,44,72.0,1,22,1.58,38.4,1.83,New York,Female,0
A0440,23.0,1,24,27.23,83,79.0,0,25,1.74,77.09,0.09,New York,Male,0
A0441,21.0,2,12,31.13,24,60.0,0,2,1.85,14.28,3.45,Chicago,Female,0
A0442,25.0,2,24,34.59,70,-4.0,0,20,1.06,20.5,4.83,New York,Male,1
A0443,20.0,3,3,28.12,21,22.0,0,8,1.73,68.59,1.84,Chicago,Female,1
A0444,19.0,5,12,28.96,68,35.0,0,4,0.83,56.02,4.92,Chicago,Male,0
A0445,,3,12,27.86,41,1.0,0,14,1.17,20.39,3.38,New York,Male,1
A0446,21.0,2,12,39.7,75,32.0,0,2,2.07,90.28,4.55,New York,Male,0
A0447,24.0,4,3,34.19,21,30.0,0,21,1.94,27.59,3.47,Austin,Female,1
A0448,14.0,3,12,32.21,18,62.0,0,0,1.36,42.11,6.28,New York ,Male ,0
A0449,28.0,3,12,17.29,56,15.0,0,47,2.35,20.23,0.43,Chicago,Female,1
A0450,25.0,1,12,26.21,27,64.0,0,1,0.84,38.8,1.71,Austin,Male,0
A0451,17.0,1,12,38.99,20,1.0,1,12,1.4,49.16,4.33,Austin,Male,1
A0452,16.0,5,6,30.38,25,5.0,1,34,1.64,29.52,3.56,Chicago,Male,1
A0453,24.0,6,12,36.6,87,,0,0,0.1,76.91,3.92,New York,Female,0
A0454,22.0,1,6,47.67,13,31.0,0,10,1.42,39.39,8.04,New York,Female,0
A0455,,3,24,40.39,41,-42.0,0,6,0.94,72.95,8.86,San Francisco,Female,0
A0456,22.0,3,12,30.93,70,,1,13,0.95,20.71,2.49,New York,Female,1
A0457,26.0,1,6,24.89,27,81.0,0,3,1.36,37.7,8.36,San Francisco,Female,0
A0458,,3,24,4.46,65,49.0,0,1,0.59,0.81,4.59,Austin,Female,0
A0459,21.0,1,12,28.32,98,23.0,1,14,1.1,75.86,2.74,Austin,Female,1
A0460,15.0,2,3,26.74,32,-2.0,0,8,0.6,62.59,9.85,Austin,Male,1
A0461,17.0,1,12,33.9,47,-24.0,0,14,1.56,81.78,, San Francisco, Male,1
A0462,24.0,0,6,28.46,92,-19.0,0,3,1.55,45.56,9.94,Chicago,Female,0
A0463,26.0,3,24,26.8,63,26.0,0,6,1.33,79.97,1.68,Chicago,Female,1
A0464,19.0,1,24,12.21,53,93.0,0,12,2.0,64.76,1.44,Austin,Female,0
A0465,,2,24,20.6,11,-51.0,1,13,1.35,0.36,5.03,San Francisco,Female,1
A0466,19.0,3,12,34.77,78,51.0,0,6,1.49,25.37,6.39,San Francisco,Female,0
A0467,15.0,1,12,47.16,4,9.0,1,4,1.05,49.39,1.71,Austin,Male,0
A0468,21.0,1,12,29.02,7,,0,4,0.35,61.87,8.6,New York,Female,0
A0469,13.0,2,6,33.28,64,1.0,0,2,1.43,6.56,5.32,Austin,Female,0
A0470,24.0,2,12,39.52,71,-11.0,0,5,1.36,70.51,,San Francisco,Female,0
A0471,29.0,2,12,21.89,54,33.0,0,3,2.35,54.35,6.02,New York,Male,0
A0472,20.0,3,3,33.67,88,37.0,0,15,1.83,52.58,6.35,Chicago,Male,1
A0473,19.0,2,12,22.6,7,50.0,0,12,1.29,29.2,0.43,New York,Male,0
A0474,17.0,3,24,38.65,61,-20.0,1,7,1.57,59.48,10.0,Chicago,Male,1
A0475,26.0,4,24,31.51,70,56.0,0,5,1.95,2.75,3.64,San Francisco,Female,0
A0476,17.0,3,3,32.98,11,56.0,0,4,1.76,6.47,0.62,Austin,Male,0
A0477,23.0,3,3,22.17,95,42.0,0,11,2.33,73.39,8.52,Austin,Male,1
A0478,27.0,1,6,37.07,24,17.0,0,37,1.11,32.19,9.93,austin, Male,1
A0479,32.0,2,24,50.85,29,39.0,0,17,1.99,34.7,8.16,Austin,Male,0
A0480,26.0,2,6,19.92,12,25.0,0,20,1.29,20.84,8.52,Austin,Male,1
A0481,13.0,3,12,26.6,82,59.0,0,26,1.6,44.56,6.26,San Francisco,Female,0
A0482,26.0,3,6,32.32,63,19.0,0,6,1.22,5.2,9.22,San Francisco,Male,1
A0483,23.0,2,12,37.86,53,33.0,1,0,1.43,30.04,0.36,Austin,Male,0
A0484,15.0,2,6,24.4,12,-22.0,0,14,1.61,52.71,7.67,New York,Male,1
A0485,24.0,1,12,1.67,8,39.0,0,3,1.8,46.56,6.71,Austin,Female,0
A0486,18.0,1,6,43.59,64,7.0,1,12,1.53,99.97,0.5,Chicago,Female,0
A0487,,3,12,37.61,7,45.0,1,20,0.26,38.88,5.44,Chicago,Female,1
A0488,15.0,3,6,12.57,72,53.0,1,22,1.46,38.7,5.15,Chicago,Female,0
A0489,17.0,1,12,23.92,65,11.0,0,5,2.24,50.36,6.92,Chicago ,Female ,0
A0490,18.0,1,24,45.68,58,30.0,1,10,1.46,19.03,0.78,Austin,Female,0
A0491,21.0,4,6,44.48,61,35.0,0,14,2.25,87.63,8.05,Chicago,Female,0
A0492,23.0,1,24,39.39,65,41.0,0,25,1.44,57.23,1.39,New York,Female,1
A0493,22.0,3,12,28.24,91,53.0,1,21,0.71,19.21,,Austin,Male,0
A0494,12.0,0,6,30.83,61,49.0,0,66,1.28,79.34,8.81,Chicago,Male,1
A0495,22.0,4,12,28.69,53,18.0,1,0,1.22,3.43,5.61,Austin,Female,0
A0496,19.0,4,6,41.28,52,77.0,1,8,1.39,98.26,3.8,Austin , Male ,0
A0497,18.0,3,12,21.24,6,52.0,1,4,0.91,86.51,0.48,Austin,Female,0
A0498,12.0,3,12,21.94,50,72.0,1,1,1.5,57.96,6.72,San Francisco,Male,0
A0499,6.0,4,6,40.1,34,40.0,0,36,1.34,11.13,9.87,Chicago,Male,0
A0500,20.0,4,12,29.56,53,42.0,0,92,2.14,21.53,9.12,San Francisco,Female,1
A0501,,1,24,43.78,54,26.0,1,2,0.89,27.94,7.17,New York,Male,0
A0502,25.0,4,24,23.28,76,16.0,1,0,1.62,24.1,1.05,New York,Female,0
A0503,14.0,3,12,29.45,36,59.0,1,4,1.71,49.75,2.39,San Francisco , Female ,0
A0504,21.0,0,24,20.78,38,37.0,1,27,1.89,94.46,1.87,Chicago,Male,1
A0505,21.0,5,12,30.07,72,26.0,1,5,1.32,44.42,3.55,Austin,Female,0
A0506,19.0,4,6,15.21,45,,1,0,1.61,66.16,2.36,New York,Male,0
A0507,22.0,2,24,25.12,18,76.0,0,0,1.68,68.86,2.44,New York,Male,0
A0508,20.0,2,12,15.64,61,33.0,0,8,0.68,87.16,6.17,New York,Female,1
A0509,18.0,2,12,36.94,55,-6.0,1,40,1.34,3.38,3.19,Chicago,Female,1
A0510,10.0,0,12,37.17,21,32.0,0,5,1.48,40.43,6.77,San Francisco,Female,0
A0511,14.0,3,24,12.7,91,23.0,0,8,1.54,78.47,9.48,San Francisco,Female,1
A0512,28.0,2,24,43.34,97,,0,1,1.54,81.49,6.38,Chicago,Female,0
A0513,14.0,4,12,54.97,43,47.0,1,10,1.72,92.73,7.52,New York,Male,0
A0514,24.0,0,6,30.46,83,24.0,1,17,2.47,70.28,7.52,Chicago,Female,1
A0515,23.0,1,12,23.59,49,20.0,1,4,1.2,24.52,3.31,Chicago,Male,0
A0516,15.0,4,12,58.24,96,70.0,0,5,1.69,50.57,0.15,San Francisco,Female,0
A0517,12.0,3,6,16.81,56,-22.0,1,27,2.15,3.23,0.55,Chicago,Male,1
A0518,17.0,4,12,30.2,57,28.0,1,0,0.6,64.69,2.82,Chicago,Male,0
A0519,23.0,0,12,31.8,97,57.0,0,15,1.63,55.43,6.9,New York,Male,0
A0520,16.0,3,6,43.45,21,,0,7,0.66,66.68,,Austin,Male,0
A0521,24.0,1,6,33.6,64,60.0,0,5,2.59,93.01,9.59,New York,Male,0
A0522,20.0,2,6,25.01,95,90.0,0,16,1.76,68.73,0.26,San Francisco,Female,0
A0523,21.0,5,24,20.49,61,80.0,1,26,1.69,32.04,9.9,Austin,Male,0
A0524,29.0,0,6,26.58,67,-4.0,0,12,0.56,19.87,3.22,New York,Female,1
A0525,18.0,2,6,19.93,70,-18.0,1,0,1.25,85.46,8.43,Chicago,Male,0
A0526,25.0,3,12,30.48,30,39.0,0,9,1.25,19.43,1.8,Chicago,Female,1
A0527,24.0,4,6,24.36,20,-10.0,0,9,2.38,16.16,,Austin,Male,1
A0528,24.0,1,3,15.06,28,-27.0,0,11,1.86,20.66,3.78,Austin,Male,1
A0529,16.0,1,6,42.55,21,39.0,0,16,0.67,50.88,8.59,Chicago,Female,0
A0530,34.0,3,12,25.02,57,47.0,0,0,1.73,12.42,2.21,San Francisco,Female,0
A0531,23.0,3,12,17.32,59,81.0,0,10,0.75,93.81,1.54,New York,Male,0
A0532,21.0,0,6,28.32,8,53.0,0,13,0.69,96.63,9.1,Chicago,Male,0
A0533,17.0,2,12,30.68,3,87.0,0,6,1.73,97.38,9.38,New York,Female,0
A0534,16.0,1,24,12.54,10,40.0,1,16,1.87,3.91,0.13,New York,Male,1
A0535,31.0,4,6,33.32,99,-4.0,0,3,1.73,94.62,7.27,New York,Male,0
A0536,24.0,0,6,19.53,53,54.0,0,5,2.44,99.74,3.09, New York , Female ,0
A0537,22.0,3,6,47.11,87,70.0,1,49,1.68,94.24,3.75,San Francisco,Male,0
A0538,31.0,1,12,35.24,90,,0,6,1.59,67.09,4.69,San Francisco,Male,1
A0539,18.0,0,12,26.0,27,73.0,1,6,0.89,70.12,,San Francisco,Female,0
A0540,15.0,1,6,22.55,49,26.0,1,13,1.93,12.23,5.15,Chicago,Male,1
A0541,18.0,2,12,28.95,57,46.0,0,53,0.67,87.43,,Chicago,Female,1
A0542,20.0,5,3,36.13,66,24.0,1,61,2.51,5.96,,Chicago,Female,1
A0543,22.0,2,12,29.75,85,100.0,1,13,1.94,31.77,7.02,San Francisco,Male,0
A0544,16.0,3,12,27.83,95,55.0,1,0,2.89,99.12,7.19,New York,Male,0
A0545,23.0,1,6,30.58,12,-3.0,1,34,1.69,42.23,4.4,San Francisco,Female,1
A0546,23.0,6,12,23.96,58,85.0,0,12,1.96,13.12,1.42,Chicago,Female,0
A0547,14.0,3,6,26.57,14,8.0,1,6,1.36,96.93,6.41,austin,Male ,1
A0548,,0,12,9.14,35,30.0,0,26,1.48,98.41,7.73,Chicago,Female,1
A0549,19.0,1,3,39.74,73,44.0,0,7,0.97,18.7,6.38,New York,Male,1
A0550,9.0,2,24,32.99,19,46.0,0,0,0.78,86.48,5.88,San Francisco,Female,0
A0551,21.0,1,6,22.27,63,44.0,0,25,1.59,39.04,2.29,Austin,Female,1
A0552,16.0,2,24,48.99,12,-3.0,0,11,1.48,38.14,6.45,Austin,Female,0
A0553,7.0,3,6,30.87,33,44.0,1,6,0.96,26.27,3.35,New York,Male,1
A0554,20.0,1,12,19.64,62,63.0,1,4,1.05,4.47,9.2,San Francisco,Female,0
A0555,21.0,0,6,38.57,72,62.0,0,13,1.52,26.8,6.54,Austin,Female,0
A0556,16.0,3,24,33.98,19,,1,3,0.95,5.38,2.78,Chicago,Female,0
A0557,17.0,3,6,33.95,52,10.0,1,5,1.68,92.44,4.73,NEW YORK,FEMALE,0
A0558,14.0,3,6,25.74,39,-1.0,0,15,0.97,66.17,8.47,Austin,Male,1
A0559,,5,12,34.5,84,40.0,0,31,1.63,88.66,3.35,New York,Female,1
A0560,,3,3,27.38,64,-16.0,1,11,0.92,71.73,5.25,San Francisco,Male,1
A0561,28.0,1,6,35.56,92,-3.0,1,21,0.93,13.13,6.8,San Francisco,Female,1
A0562,30.0,3,24,10.95,82,10.0,1,21,0.32,94.06,7.55,San Francisco,Female,1
A0563,,2,24,25.66,74,-23.0,1,16,1.42,89.99,1.74,Chicago,Male,1
A0564,26.0,4,6,47.22,90,29.0,0,4,2.23,34.81,5.65,Austin,Male,0
A0565,21.0,3,24,22.33,79,-33.0,0,30,2.2,11.15,9.12,San Francisco,Female,1
A0566,17.0,2,12,23.96,31,44.0,0,8,1.66,70.42,9.68,Chicago,Female,1
A0567,18.0,3,6,25.52,34,18.0,0,0,0.5,72.84,6.56,San Francisco,Female,0
A0568,12.0,2,12,17.85,90,,1,4,1.92,89.68,9.84,San Francisco,Male,0
A0569,20.0,3,12,7.92,82,16.0,1,21,1.61,5.27,5.71,Austin,Female,1
A0570,27.0,2,24,27.69,13,28.0,0,1,1.3,14.17,4.43,Chicago,Male,0
A0571,19.0,3,6,31.36,98,47.0,1,2,2.1,59.82,5.52,San Francisco,Female,0
A0572,26.0,2,12,29.47,8,69.0,0,17,1.81,61.91,,Chicago,Male,0
A0573,24.0,4,3,28.55,37,60.0,1,33,2.48,3.36,4.02,Chicago,Male,0
A0574,24.0,4,6,30.43,35,96.0,1,15,0.8,39.69,4.58,San Francisco,Male,0
A0575,,2,3,40.23,20,50.0,1,3,0.84,58.42,8.49,San Francisco,Female,0
A0576,19.0,1,24,28.1,39,34.0,1,0,0.92,73.79,7.59,New York ,Female ,0
A0577,20.0,2,24,24.26,15,16.0,0,14,1.36,31.62,6.01,Austin,Male,1
A0578,16.0,4,12,27.19,76,17.0,1,0,2.29,48.39,3.47,San Francisco,Male,0
A0579,14.0,3,12,35.79,92,46.0,1,14,1.19,81.41,,New York,Male,1
A0580,17.0,4,6,44.12,83,,0,3,1.2,95.39,3.48,Austin,Female,0
A0581,19.0,2,6,23.72,66,36.0,1,35,1.71,23.03,6.8,San Francisco,Female,1
A0582,23.0,2,6,30.99,3,29.0,1,9,1.92,25.3,2.63, Chicago ,FEMALE,1
A0583,19.0,4,6,33.38,65,,0,3,0.38,93.98,4.27,Austin,Male,0
A0584,22.0,4,12,20.07,91,-1.0,0,28,2.02,39.59,3.87,Chicago,Female,1
A0585,16.0,1,12,30.2,36,100.0,1,4,1.17,71.83,7.66,New York,Female,0
A0586,,4,3,15.34,12,-11.0,1,5,1.45,61.23,8.84,San Francisco,Female,0
A0587,,0,3,12.31,86,27.0,0,26,2.21,28.56,,New York,Male,1
A0588,33.0,2,6,33.67,9,66.0,0,5,1.39,65.36,3.42,San Francisco,Female,0
A0589,15.0,5,12,26.16,58,45.0,0,7,0.73,65.56,4.33,San Francisco,Female,1
A0590,18.0,2,24,32.02,82,15.0,1,6,0.76,59.24,1.43,Chicago,Female,1
A0591,22.0,3,12,29.82,39,-5.0,1,1,1.49,9.97,1.68,New York,Female,0
A0592,16.0,2,24,20.24,31,33.0,0,0,1.33,99.52,1.64,Chicago,Female,0
A0593,26.0,0,12,29.55,14,-49.0,0,19,1.53,40.04,,Chicago,Male,1
A0594,19.0,3,6,17.67,19,,0,15,1.3,63.83,1.8,Chicago,Male,1
A0595,21.0,1,6,43.91,50,31.0,1,4,2.12,88.58,2.03,New York,Male,0
A0596,19.0,5,24,16.44,86,62.0,0,5,1.51,42.33,1.12,San Francisco,Male,0
A0597,15.0,6,12,28.04,28,-4.0,0,43,0.62,77.39,6.4,San Francisco,Female,1
A0598,14.0,4,6,19.58,85,20.0,0,65,1.91,97.18,9.9,New York,Female,1
A0599,25.0,3,12,35.7,14,43.0,1,9,2.45,35.89,8.79,San Francisco,Male,1
A0600,22.0,1,12,26.69,23,36.0,0,24,1.58,40.53,0.46,New York,Male,1
A0601,31.0,3,12,24.81,44,-10.0,0,20,1.62,90.56,4.23,New York,Male,1
A0602,23.0,2,24,38.53,63,10.0,1,5,1.11,15.96,8.59,San Francisco,Female,0
A0603,30.0,1,12,30.29,60,71.0,0,0,1.38,2.86,1.35,Austin,Female,0
A0604,16.0,1,12,35.17,56,37.0,0,2,1.75,90.89,8.48,Chicago,Female,0
A0605,21.0,1,3,20.19,36,-19.0,1,27,2.07,82.16,,New York,Male,1
A0606,18.0,2,3,15.95,9,56.0,0,19,1.72,97.26,9.31,New York,Male,0
A0607,23.0,3,6,31.07,37,-17.0,0,16,2.41,5.82,8.76,Austin,Male,1
A0608,27.0,1,3,26.81,17,20.0,0,2,1.55,15.62,6.77,New York,Female,0
A0609,22.0,0,12,36.26,67,46.0,1,15,0.94,10.53,6.58,New York,Female,1
A0610,20.0,5,12,29.2,92,66.0,0,22,0.95,68.34,2.13,San Francisco,Male,0
A0611,,1,6,32.05,27,-40.0,1,29,2.12,60.6,,San Francisco,Male,1
A0612,17.0,1,24,13.77,61,51.0,0,0,2.0,35.93,4.15,Austin,Female,0
A0613,22.0,2,6,48.88,81,55.0,0,17,0.68,5.74,1.87,New York,Female,0
A0614,18.0,1,6,28.36,88,13.0,1,0,1.4,63.97,1.02,Chicago,Male,0
A0615,20.0,3,6,36.98,8,32.0,1,18,1.41,57.01,3.02,San Francisco,Male,1
A0616,22.0,1,6,21.64,54,,0,15,1.12,11.29,8.6, Chicago, Female,1
A0617,18.0,1,6,33.08,81,-52.0,1,2,0.79,90.89,0.17,Chicago,Male,0
A0618,12.0,2,12,16.97,90,63.0,0,21,1.11,19.89,2.93,Austin,Male,0
A0619,21.0,5,12,34.52,23,13.0,0,1,1.02,74.35,4.24,Austin,Female,0
A0620,17.0,2,24,26.44,73,19.0,0,26,0.81,88.51,5.11,NEW YORK, Male ,1
A0621,16.0,1,3,30.29,95,37.0,1,4,1.91,57.95,1.82,Austin,Female,0
A0622,14.0,3,6,36.98,98,19.0,0,17,1.64,24.68,9.64,San Francisco,Male,1
A0623,13.0,1,3,17.67,34,16.0,0,38,1.27,30.92,5.79,New York,Female,1
A0624,11.0,2,12,23.16,55,,0,6,0.46,88.57,5.22,New York,Male,1
A0625,14.0,0,3,34.57,61,-14.0,0,10,1.35,29.83,0.09,Chicago,Male,1
A0626,27.0,4,24,50.98,71,64.0,1,9,1.76,74.62,4.86,Chicago,Male,0
A0627,18.0,1,12,28.62,64,,1,2,1.13,99.02,8.38,Chicago,Female,0
A0628,17.0,0,12,35.91,6,0.0,1,13,0.93,99.98,2.2,New York,Male,1
A0629,20.0,2,12,28.93,88,-4.0,0,20,1.44,53.35,3.51,Austin,Male,1
A0630,18.0,3,6,49.42,20,31.0,0,37,1.67,82.66,0.21,Austin,Female,0
A0631,15.0,2,6,12.53,83,20.0,1,28,0.5,99.02,9.77,Austin,Male,1
A0632,17.0,5,6,30.95,58,-16.0,1,10,2.18,37.47,0.67,New York,Female,1
A0633,13.0,3,12,13.74,26,,0,19,0.88,25.24,8.98,New York,Female,1
A0634,26.0,3,6,4.93,68,5.0,1,24,1.29,11.42,3.13,New York,Female,1
A0635,24.0,4,6,32.97,15,,1,10,2.09,14.09,5.88,New York,Male,0
A0636,26.0,1,24,31.39,64,33.0,1,1,1.56,85.36,6.79,New York,Female,0
A0637,17.0,2,3,27.15,56,77.0,0,8,2.05,58.87,1.41,Austin,Male,0
A0638,18.0,2,24,28.94,17,8.0,0,27,2.28,87.37,,New York,Female,1
A0639,,2,12,60.98,71,21.0,0,13,0.77,78.95,3.25,Austin,Male,0
A0640,12.0,3,6,27.42,5,41.0,0,19,1.95,67.37,0.57,New York ,female,1
A0641,12.0,3,6,35.1,39,48.0,0,3,2.16,60.93,8.33,Austin,Female,0
A0642,22.0,4,6,23.51,39,51.0,0,50,1.31,4.83,0.45,San Francisco,Male,0
A0643,19.0,2,12,32.95,5,3.0,1,7,1.35,87.23,6.53,San Francisco,Female,1
A0644,12.0,3,12,27.62,65,4.0,0,15,0.54,41.78,3.14,austin, Male,1
A0645,21.0,2,12,25.89,37,19.0,0,0,1.89,55.98,,San Francisco,Female,0
A0646,18.0,3,24,48.19,54,74.0,1,2,0.23,2.2,6.67,San Francisco,Male,0
A0647,23.0,5,12,41.77,89,0.0,1,22,1.98,93.61,5.75,Austin,Female,0
A0648,28.0,0,6,31.37,30,14.0,1,51,0.79,90.27,3.15,New York,Female,1
A0649,15.0,2,6,6.96,96,51.0,0,5,2.2,54.33,5.13,New York,Male,0
A0650,16.0,2,24,26.39,20,50.0,1,0,1.7,57.73,2.46,Austin,Female,0
A0651,24.0,0,6,57.03,38,46.0,0,6,2.0,70.5,8.64,Chicago,Male,0
A0652,14.0,2,3,27.69,35,32.0,0,0,1.09,26.47,3.14,Chicago,Male,0
A0653,14.0,0,12,41.03,66,-1.0,1,3,0.83,22.19,2.45,San Francisco,Female,0
A0654,22.0,3,12,44.42,28,9.0,0,20,0.62,67.4,7.52,Chicago,Female,0
A0655,30.0,2,24,32.19,50,63.0,0,41,2.05,10.44,0.18,San Francisco,Female,0
A0656,21.0,3,12,21.58,42,53.0,0,1,1.83,45.41,2.68,NEW YORK,MALE,0
A0657,13.0,2,3,5.65,19,-10.0,0,12,1.85,49.28,3.75,Austin,Male,1
A0658,18.0,5,24,36.84,42,56.0,0,4,1.65,38.13,8.82,New York,Female,0
A0659,17.0,3,6,21.85,9,69.0,1,2,1.77,18.53,9.5,Austin,Male,0
A0660,32.0,2,6,31.76,59,31.0,0,3,1.35,35.53,7.16,Chicago,Female,0
A0661,,1,12,17.5,10,42.0,1,12,1.69,33.76,4.93,New York,Female,1
A0662,17.0,4,3,27.35,58,60.0,0,1,1.07,49.93,6.41,New York,Female,0
A0663,20.0,0,12,30.34,33,9.0,0,8,1.33,67.47,4.14,San Francisco,Male,1
A0664,22.0,1,6,32.69,61,99.0,0,2,3.02,96.82,2.99,Austin,Male,0
A0665,16.0,1,12,18.85,60,66.0,0,4,1.52,14.42,9.51,Chicago,Female,0
A0666,24.0,2,6,41.97,14,45.0,1,3,0.51,87.3,1.15,New York,Male,0
A0667,9.0,2,12,24.03,50,28.0,0,32,1.3,28.42,3.46,Austin,Female,1
A0668,13.0,4,24,13.26,33,44.0,0,18,0.97,59.14,,Chicago,Female,1
A0669,17.0,3,6,28.91,85,-16.0,1,30,1.58,54.67,7.23,New York,Male,1
A0670,23.0,7,6,30.34,65,92.0,0,7,1.06,55.69,0.29,Austin,Female,0
A0671,24.0,1,6,31.61,76,63.0,1,5,1.39,72.34,0.23,San Francisco,Female,0
A0672,,2,6,43.62,41,73.0,1,7,1.13,38.17,5.17,New York,Female,0
A0673,22.0,1,12,27.64,78,30.0,0,0,1.6,31.91,4.84,Austin,Female,0
A0674,18.0,4,12,28.8,22,19.0,0,19,1.19,85.28,4.43,Chicago,Female,1
A0675,17.0,3,6,18.97,50,9.0,0,6,1.68,22.01,3.02,Chicago,Male,1
A0676,23.0,2,6,38.21,73,54.0,1,5,2.47,18.02,9.87,San Francisco,Male,0
A0677,17.0,5,6,31.84,56,14.0,0,13,0.92,1.56,2.72,New York,Female,1
A0678,24.0,2,12,25.8,80,24.0,0,8,1.86,21.06,4.9,San Francisco,Male,1
A0679,21.0,3,6,10.95,77,46.0,0,59,0.27,51.85,4.05,Austin,Female,1
A0680,31.0,2,24,44.44,73,10.0,0,6,1.38,53.85,1.7,chicago,FEMALE,0
A0681,13.0,3,12,17.72,31,61.0,0,14,1.61,25.44,2.03,San Francisco,Female,0
A0682,17.0,1,6,24.09,76,29.0,1,5,1.13,7.23,9.18,New York,Female,0
A0683,15.0,3,12,33.58,95,-15.0,0,69,0.61,74.46,8.58,Austin,Male,1
A0684,17.0,3,24,18.03,75,9.0,1,8,1.48,75.8,1.99,New York,Male,1
A0685,21.0,2,12,15.06,50,69.0,1,15,2.27,99.78,8.76,San Francisco,Female,0
A0686,16.0,0,6,8.76,76,1.0,0,2,1.43,90.0,2.09,Chicago,Male,0
A0687,17.0,1,6,37.21,85,,0,19,1.78,92.61,6.27,Chicago,Female,0
A0688,24.0,2,24,24.55,58,33.0,0,4,2.06,79.82,0.81,San Francisco,Male,0
A0689,21.0,5,12,59.27,97,24.0,1,8,2.74,61.55,8.8,New York,Female,0
A0690,20.0,1,12,20.06,19,100.0,0,32,0.97,12.85,0.52,New York,Female,0
A0691,21.0,3,24,20.79,11,-8.0,1,52,1.03,62.23,5.55, New York ,FEMALE,1
A0692,13.0,2,24,24.35,99,7.0,1,8,1.35,5.6,7.8,New York,Male,1
A0693,16.0,3,24,32.43,36,29.0,0,27,1.81,88.53,1.17,Chicago,Male,1
A0694,22.0,5,3,25.3,47,100.0,1,0,0.34,48.18,4.04,New York,Female,0
A0695,9.0,3,12,36.12,90,29.0,0,28,1.83,69.75,0.42,San Francisco,Male,1
A0696,23.0,3,12,20.21,11,38.0,1,14,1.57,5.22,6.83,San Francisco,Male,1
A0697,10.0,2,12,16.18,9,19.0,0,10,1.23,53.42,3.07,San Francisco,Male,1
A0698,20.0,3,12,12.02,18,40.0,0,33,1.71,30.13,5.59,San Francisco,Male,1
A0699,,2,6,7.76,21,21.0,0,27,1.94,28.5,9.33,New York,Male,1
A0700,22.0,2,12,24.82,8,50.0,1,5,2.01,38.97,,Chicago ,Male ,0
A0701,17.0,5,12,26.99,13,53.0,0,23,1.51,0.06,0.49,Austin,Male,0
A0702,22.0,5,3,23.69,78,22.0,1,1,1.66,46.67,6.76,New York,Male,0
A0703,15.0,2,12,42.43,63,-3.0,0,25,1.64,48.66,7.87,Austin,Male,0
A0704,17.0,2,6,42.28,44,32.0,0,16,2.12,86.31,9.58,Chicago,Male,0
A0705,23.0,3,6,26.65,15,72.0,0,1,1.69,44.85,1.58,New York,Male,0
A0706,17.0,3,3,12.06,14,5.0,0,17,1.82,36.36,3.92,Austin,Male,1
A0707,19.0,2,12,24.33,87,40.0,0,13,1.95,99.47,8.44,Chicago,Male,1
A0708,23.0,0,12,24.0,76,-6.0,0,13,2.48,57.12,8.07,Austin,Female,1
A0709,24.0,3,12,23.43,22,-1.0,1,5,1.21,47.26,6.25,San Francisco,Female,0
A0710,,2,12,23.02,52,69.0,0,4,2.31,49.59,2.69,San Francisco,Male,0
A0711,26.0,3,24,23.47,38,50.0,0,21,2.74,80.92,2.84,Chicago,Male,0
A0712,14.0,2,6,26.13,94,40.0,0,4,1.24,34.07,1.24,Chicago,Male,0
A0713,30.0,3,6,23.64,90,-39.0,1,8,1.39,38.92,9.22,Austin,Female,1
A0714,16.0,3,24,32.08,71,,0,17,1.29,75.59,1.73,Chicago,Female,1
A0715,21.0,2,6,33.6,39,48.0,0,1,1.83,7.3,5.73,San Francisco,Male,0
A0716,31.0,2,24,20.89,14,-13.0,0,13,0.57,86.52,5.84,San Francisco,Male,1
A0717,15.0,3,24,42.71,42,19.0,1,13,1.25,43.02,,New York,Male,0
A0718,25.0,2,12,20.2,56,52.0,1,17,1.36,58.13,3.53,Austin,Male,0
A0719,,1,24,13.82,4,-15.0,0,6,1.32,75.75,6.69,Chicago,Male,1
A0720,28.0,1,3,33.81,52,-20.0,0,8,1.31,26.61,3.88,Chicago,Female,1
A0721,24.0,3,6,21.83,43,-14.0,1,6,1.26,89.03,2.55,Chicago,Male,1
A0722,25.0,0,12,33.21,47,40.0,1,24,1.89,97.92,3.99,Austin,Female,1
A0723,23.0,1,6,5.96,11,13.0,1,2,1.77,49.43,8.08,San Francisco,Male,0
A0724,14.0,3,24,43.92,64,56.0,1,49,2.35,93.69,9.66,Chicago,Male,0
A0725,7.0,2,3,36.72,88,33.0,1,15,1.89,0.11,6.36,Chicago,Female,1
A0726,13.0,3,12,15.0,49,,1,32,0.95,89.42,7.82,San Francisco,Female,0
A0727,23.0,1,12,15.21,7,-7.0,0,8,1.41,31.1,5.33,Chicago,Male,1
A0728,20.0,3,12,46.72,78,39.0,0,6,1.36,31.15,6.25,New York,Female,0
A0729,22.0,2,6,22.63,3,6.0,0,34,1.63,22.81,9.88,san francisco,male,1
A0730,22.0,2,6,21.66,46,48.0,1,1,2.05,31.7,4.38,San Francisco,Female,0
A0731,18.0,3,24,7.34,24,33.0,1,1,1.59,21.35,0.66,San Francisco,Female,0
A0732,23.0,2,6,26.49,40,0.0,1,5,1.59,90.59,, New York, Male ,0
A0733,14.0,5,24,27.72,21,25.0,0,48,1.51,89.9,7.93,San Francisco,Male,1
A0734,12.0,1,12,37.15,82,32.0,0,15,1.91,10.22,3.98,Austin,Female,1
A0735,23.0,2,12,16.01,33,12.0,0,12,1.22,14.29,9.82,Austin,Male,1
A0736,22.0,2,12,14.8,69,51.0,0,18,0.77,86.2,3.46,Austin,Female,0
A0737,21.0,1,6,34.51,89,0.0,1,8,1.82,39.89,3.72,San Francisco,Female,1
A0738,20.0,3,12,40.07,44,92.0,1,21,1.69,16.93,6.1,San Francisco,Male,0
A0739,21.0,1,24,14.29,84,58.0,0,7,2.16,51.07,2.74,San Francisco,Female,0
A0740,23.0,2,12,40.82,28,40.0,0,26,0.29,41.67,6.99,New York,Male,0
A0741,25.0,2,24,30.38,15,,1,4,1.45,21.92,1.53,Austin,Male,0
A0742,33.0,1,12,40.92,60,20.0,0,4,1.55,72.08,1.08,Chicago,Female,0
A0743,18.0,4,6,29.3,20,48.0,1,11,0.74,63.13,5.35,Chicago,Male,1
A0744,18.0,0,6,4.78,69,36.0,0,8,1.46,9.97,5.55,San Francisco,Female,1
A0745,,1,24,28.48,89,53.0,0,15,2.09,92.54,1.07,New York,Female,0
A0746,27.0,1,6,40.6,5,74.0,0,6,2.54,55.85,9.64,San Francisco,Male,0
A0747,19.0,1,24,21.06,57,46.0,0,3,1.99,25.02,5.73,Chicago,Male,0
A0748,25.0,1,24,26.12,91,61.0,0,9,1.34,20.63,1.51,Austin,Female,0
A0749,21.0,1,6,28.24,93,13.0,0,12,2.13,13.59,3.11,Chicago,Male,1
A0750,23.0,0,3,1.0,60,23.0,0,2,1.96,42.46,8.0,Austin,Female,0
A0751,23.0,4,12,46.71,65,79.0,0,12,1.26,13.55,5.23,Austin,Female,0
A0752,23.0,0,6,20.99,93,47.0,0,5,1.21,41.58,1.88,New York,Female,0
A0753,21.0,3,12,35.06,54,37.0,0,7,1.42,14.88,1.03,Chicago,Female,1
A0754,19.0,2,12,29.13,91,7.0,0,4,0.97,65.68,4.31,San Francisco,Female,0
A0755,23.0,7,12,42.58,26,58.0,1,40,1.34,78.52,3.37,New York,Male,0
A0756,18.0,1,12,34.06,74,6.0,1,17,1.74,54.95,6.56,Austin,Female,1
A0757,18.0,2,6,27.65,11,-2.0,0,4,2.02,68.01,9.25,Chicago,Female,0
A0758,11.0,1,12,21.06,39,33.0,0,15,1.31,93.84,2.48,San Francisco,Female,1
A0759,22.0,1,6,37.98,96,-42.0,0,28,2.19,63.84,8.55,New York,Female,1
A0760,26.0,4,6,11.27,85,48.0,0,7,1.83,36.42,9.2,San Francisco,Female,1
A0761,17.0,1,12,36.46,55,41.0,1,26,1.85,44.95,9.02,Chicago,Female,1
A0762,16.0,3,24,19.01,82,19.0,1,2,1.04,86.05,9.52,San Francisco,Male,0
A0763,14.0,3,6,42.52,26,22.0,1,25,2.4,13.07,8.42,New York,Male,0
A0764,,1,12,31.61,23,26.0,0,11,1.78,32.57,5.93,San Francisco,Female,1
A0765,21.0,1,12,36.44,42,6.0,0,3,1.33,57.73,4.1,Chicago,Female,0
A0766,20.0,1,6,30.82,64,35.0,1,7,1.25,67.64,4.92,New York,Female,1
A0767,16.0,1,6,12.48,72,22.0,0,66,1.34,76.35,8.73,Austin,Male,1
A0768,24.0,3,24,21.39,71,33.0,0,22,0.99,31.82,3.01,New York,Female,1
A0769,19.0,1,12,36.72,16,25.0,1,12,1.99,14.59,1.59,Chicago,Female,1
A0770,16.0,2,12,31.67,44,19.0,1,1,1.04,95.48,,San Francisco,Female,0
A0771,20.0,3,12,41.81,52,38.0,1,8,1.64,7.64,8.27,Austin,Female,0
A0772,17.0,1,3,34.03,63,53.0,0,4,1.28,9.58,7.61,Austin,Female,0
A0773,16.0,2,12,20.33,6,14.0,0,1,1.84,49.49,4.98,San Francisco,Female,0
A0774,20.0,3,12,22.04,74,41.0,0,11,1.9,81.93,2.75,Chicago,Male,1
A0775,14.0,1,12,31.03,90,45.0,1,32,1.18,77.45,6.78,New York,Female,1
A0776,21.0,2,6,6.86,77,,0,16,1.48,93.77,0.38,Chicago,Female,1
A0777,21.0,3,3,46.73,19,59.0,1,4,0.78,14.16,5.68,Austin,Female,0
A0778,25.0,2,6,34.42,87,91.0,1,12,2.35,37.57,3.98,New York,Female,0
A0779,,0,24,42.27,59,27.0,0,43,2.03,28.21,9.78,New York,Female,0
A0780,26.0,3,12,14.19,92,24.0,0,19,0.8,86.09,5.08,San Francisco,Female,1
A0781,32.0,3,12,42.45,50,23.0,0,17,1.07,48.84,,Chicago,Female,0
A0782,12.0,2,3,52.31,46,48.0,1,51,1.43,2.68,7.12,New York,Female,0
A0783,15.0,0,3,16.79,47,,1,24,1.52,70.8,4.85,San Francisco,Female,1
A0784,26.0,1,12,37.71,93,-17.0,1,2,1.16,38.87,2.25,Chicago,Male,0
A0785,17.0,1,12,30.01,82,4.0,0,6,0.93,53.11,5.37,Austin,Male,1
A0786,21.0,1,12,14.56,92,,0,50,1.7,89.38,9.44,Austin,Male,1
A0787,11.0,1,6,34.93,35,25.0,1,10,2.37,25.67,4.1,Chicago,Female,1
A0788,9.0,3,12,38.34,33,-4.0,0,1,1.53,24.03,6.8,New York,Male,0
A0789,29.0,3,6,23.99,49,75.0,1,9,1.35,26.32,9.78,New York,Male,0
A0790,21.0,3,6,41.66,8,6.0,1,17,1.3,33.81,8.3,Austin,Male,0
A0791,16.0,2,12,13.33,74,31.0,0,90,0.95,10.74,,Austin,Male,1
A0792,31.0,2,6,15.05,73,24.0,0,5,1.16,69.72,7.36,New York,Female,0
A0793,19.0,4,6,31.37,36,-2.0,0,10,2.07,20.74,9.36,Chicago,Male,1
A0794,15.0,1,12,30.25,55,35.0,0,31,0.46,92.61,9.6,Austin,Male,1
A0795,15.0,3,12,22.83,16,41.0,1,6,1.54,21.57,9.69,New York,Female,1
A0796,19.0,3,24,38.1,18,15.0,1,1,1.51,25.56,6.26,Chicago,Male,0
A0797,13.0,5,12,35.31,45,19.0,1,44,1.56,29.7,,San Francisco,Female,1
A0798,17.0,3,3,38.58,75,48.0,1,10,1.86,76.85,1.33,Chicago,Male,1
A0799,25.0,4,6,28.77,76,-29.0,0,10,1.53,42.76,3.86,New York,Male,1
A0800,20.0,3,24,36.03,83,4.0,0,14,1.27,81.93,9.43,Chicago,Male,1
A0801,14.0,3,12,25.54,14,36.0,1,0,1.17,78.49,8.9,New York,Female,0
A0802,23.0,3,12,50.54,72,14.0,0,40,2.15,92.95,5.24,Austin,Male,0
A0803,18.0,3,3,21.87,21,13.0,1,6,2.02,75.66,5.37,San Francisco,Male,1
A0804,26.0,2,12,51.05,43,57.0,1,7,2.94,5.19,3.09,Austin,Female,0
A0805,21.0,5,3,30.35,55,11.0,0,2,1.36,83.73,4.55,Austin,Male,0
A0806,22.0,4,12,16.24,31,89.0,0,7,1.18,93.81,7.14,new york,Male ,0
A0807,10.0,1,24,43.68,72,-22.0,0,24,1.73,99.37,4.02,New York,Male,0
A0808,26.0,1,24,31.26,61,-36.0,1,24,1.71,12.53,1.88,New York,Male,1
A0809,18.0,0,12,38.51,91,56.0,0,41,1.82,61.33,5.41,New York,Male,0
A0810,13.0,4,12,42.24,66,0.0,1,7,1.92,19.95,2.25,Austin,Female,0
A0811,23.0,2,24,33.38,26,0.0,0,18,1.81,26.25,9.74,New York,Female,1
A0812,15.0,7,12,24.08,91,59.0,1,10,2.04,74.56,3.9,New York,Female,0
A0813,17.0,1,3,39.76,18,15.0,0,24,2.1,97.77,9.1,Austin,Male,1
A0814,21.0,2,12,30.01,54,57.0,0,18,2.11,59.49,2.26,San Francisco,Male,0
A0815,19.0,3,6,36.86,82,11.0,1,6,0.37,85.06,1.89,San Francisco,Male,1
A0816,14.0,4,12,8.46,8,40.0,1,6,1.62,0.89,6.17,Chicago,Male,1
A0817,27.0,0,12,34.47,39,14.0,0,4,1.04,3.66,7.79,Austin,Male,0
A0818,16.0,2,12,23.61,87,2.0,1,12,2.03,59.67,5.67,New York,Female,1
A0819,15.0,2,6,46.53,6,81.0,1,49,0.36,38.9,2.3,Chicago,Female,0
A0820,22.0,4,6,36.23,94,63.0,0,3,2.23,88.98,0.38,San Francisco,Female,0
A0821,22.0,2,12,32.4,40,8.0,0,1,1.07,30.2,6.18, San Francisco ,Male ,0
A0822,27.0,3,24,34.86,43,24.0,1,1,0.95,43.21,1.31,Austin,Female,0
A0823,14.0,6,12,20.02,94,74.0,0,22,1.68,52.79,3.43,New York,Female,0
A0824,26.0,0,6,46.23,83,0.0,0,6,1.31,27.3,6.76,New York,Female,0
A0825,13.0,1,24,49.91,16,1.0,1,3,2.39,90.85,0.98,Chicago,Female,0
A0826,20.0,2,24,33.93,73,44.0,0,6,2.18,46.45,1.27,San Francisco,Male,1
A0827,18.0,2,6,45.9,88,98.0,0,15,1.24,42.42,0.62,Chicago,Male,0
A0828,23.0,5,3,24.31,53,31.0,1,11,2.02,84.98,9.96,Chicago,Female,1
A0829,23.0,1,12,22.03,67,61.0,0,20,1.23,31.2,3.87, Chicago, Female ,0
A0830,27.0,3,24,30.41,95,0.0,1,6,1.22,81.75,9.06,New York,Female,1
A0831,15.0,3,24,34.35,54,40.0,1,9,1.86,12.23,2.94,San Francisco,Female,1
A0832,22.0,2,24,26.06,97,19.0,0,1,2.23,18.28,7.53,Chicago,Female,0
A0833,,0,12,35.38,32,85.0,0,1,1.28,95.08,2.19,San Francisco,Female,0
A0834,24.0,2,12,33.06,59,77.0,0,9,1.32,84.24,4.98,San Francisco,Female,0
A0835,21.0,2,3,20.02,81,98.0,0,5,1.65,38.79,8.25,Chicago,Female,0
A0836,19.0,4,6,35.19,84,9.0,1,14,1.05,63.85,8.16,Chicago,Female,1
A0837,21.0,1,12,38.64,32,31.0,1,0,2.28,94.3,7.94,Austin,Male,0
A0838,19.0,3,12,31.71,44,41.0,0,1,1.05,21.19,,New York,Female,0
A0839,11.0,3,12,41.53,13,10.0,0,30,1.18,5.9,2.11,San Francisco,Male,0
A0840,15.0,3,12,17.83,29,33.0,0,12,2.38,53.75,4.82,Chicago,Male,1
A0841,19.0,2,6,34.68,26,57.0,0,18,1.61,14.26,4.85,Chicago,Female,0
A0842,22.0,0,12,18.3,41,13.0,0,27,2.47,18.73,,San Francisco,Female,1
A0843,17.0,3,3,18.86,74,8.0,0,9,1.39,89.15,2.97,Chicago,Male,1
A0844,23.0,2,12,23.69,20,6.0,1,21,2.76,0.74,9.31,Austin,Male,1
A0845,24.0,1,12,20.58,79,-10.0,0,11,1.81,81.68,4.51,San Francisco,Female,1
A0846,22.0,0,12,24.52,47,55.0,0,3,1.12,51.7,6.7,Chicago,Male,0
A0847,16.0,0,24,27.86,90,8.0,1,6,1.12,55.93,2.69,San Francisco,Female,1
A0848,16.0,1,6,38.37,89,5.0,0,10,0.77,67.18,4.1,Chicago,Female,1
A0849,25.0,1,12,26.79,14,45.0,0,5,0.83,43.14,7.1,Chicago,Male,0
A0850,15.0,2,6,14.14,51,29.0,0,6,1.17,11.56,5.13,New York,Female,1
A0851,26.0,1,12,41.4,96,14.0,0,6,1.0,10.28,9.31,San Francisco,Male,0
A0852,16.0,4,24,21.63,33,54.0,0,1,0.21,75.44,7.37,New York,Female,0
A0853,23.0,2,12,29.41,94,13.0,1,1,1.92,22.1,5.64,Chicago,Female,0
A0854,11.0,1,24,34.47,24,-35.0,0,0,1.89,2.81,8.87,San Francisco,Male,0
A0855,21.0,6,6,32.0,46,69.0,1,1,1.65,97.96,6.66,San Francisco , Male ,0
A0856,22.0,3,24,40.94,94,5.0,0,6,0.93,98.04,6.47,Austin,Female,0
A0857,38.0,2,3,34.79,66,8.0,0,13,2.32,37.81,2.46,Austin,Female,1
A0858,19.0,1,24,21.39,79,8.0,0,3,1.41,2.55,3.95,Chicago,Male,0
A0859,18.0,4,6,51.79,27,31.0,0,32,1.08,72.73,6.83,Chicago,Female,0
A0860,17.0,4,6,31.94,53,21.0,0,24,1.62,83.1,8.92,Chicago ,MALE,1
A0861,21.0,0,12,28.53,9,59.0,0,11,1.59,12.5,3.16,Chicago,Male,0
A0862,23.0,0,24,39.64,8,79.0,0,19,0.25,13.55,2.15,Austin,Male,0
A0863,24.0,3,3,32.49,26,9.0,0,6,1.48,82.22,,San Francisco,Female,1
A0864,21.0,3,6,33.99,21,1.0,0,0,1.56,92.19,0.67,New York,Male,0
A0865,13.0,5,24,54.92,85,14.0,0,35,1.31,79.08,7.15,San Francisco,Female,0
A0866,17.0,2,6,27.25,11,43.0,0,2,0.84,20.07,7.03,San Francisco,Male,0
A0867,16.0,1,6,26.82,38,26.0,1,44,0.85,41.15,3.55,Austin,Female,1
A0868,22.0,5,12,31.17,42,14.0,1,12,1.76,60.08,8.93,San Francisco,Female,1
A0869,22.0,2,6,40.72,95,,0,5,1.88,16.03,5.02,San Francisco,Male,0
A0870,25.0,1,24,14.93,26,-36.0,0,10,1.28,21.06,6.46,Chicago,Male,1
A0871,11.0,2,12,10.34,50,,0,10,1.69,28.29,2.1,New York,Male,1
A0872,25.0,3,12,24.13,65,67.0,1,0,1.27,50.95,4.17,San Francisco,Female,0
A0873,25.0,3,24,13.66,71,43.0,0,6,1.07,51.08,8.62,San Francisco,Female,1
A0874,22.0,1,12,25.75,55,24.0,1,20,1.61,81.43,2.13,New York,Female,1
A0875,,0,3,35.02,56,51.0,0,10,0.93,75.3,3.91,Chicago,Male,0
A0876,26.0,4,6,21.09,44,-8.0,0,4,2.45,91.37,3.18,Austin,Male,0
A0877,19.0,4,12,15.73,47,31.0,0,6,0.78,83.29,1.51,Austin,Male,1
A0878,16.0,6,6,30.69,92,-23.0,0,29,1.64,25.39,2.9,San Francisco,Male,1
A0879,25.0,4,24,38.63,16,40.0,1,11,1.58,33.13,2.33,Chicago,Male,1
A0880,27.0,3,12,13.05,31,37.0,0,11,1.53,50.04,9.24,Austin,Female,1
A0881,19.0,2,6,38.2,8,38.0,0,48,2.24,1.43,7.41,Austin,Male,1
A0882,23.0,5,12,38.17,9,65.0,0,5,0.16,90.39,3.16,Austin,Female,0
A0883,18.0,3,12,39.54,39,53.0,1,9,1.71,4.43,7.63,Austin,Male,0
A0884,11.0,4,24,42.18,55,-6.0,0,25,1.36,32.24,0.22,Austin,Male,0
A0885,19.0,2,24,52.02,20,65.0,0,21,1.79,56.92,5.27,San Francisco,Male,0
A0886,32.0,3,12,26.44,89,23.0,0,4,1.53,51.78,2.5,Austin,Male,0
A0887,21.0,1,12,31.1,40,-29.0,0,2,1.46,65.45,1.14,San Francisco,Male,0
A0888,23.0,2,12,25.84,61,26.0,1,18,0.9,52.75,8.84,New York,Female,1
A0889,15.0,3,12,30.02,3,49.0,0,4,1.16,22.9,1.99, New York,Male ,0
A0890,18.0,3,6,45.33,70,0.0,0,38,3.07,20.11,8.22,Chicago,Female,0
A0891,15.0,3,6,16.55,46,69.0,0,2,1.8,90.72,4.13,San Francisco,Female,0
A0892,20.0,2,12,21.39,49,2.0,1,5,2.03,26.4,0.14,Chicago,Female,0
A0893,23.0,2,6,43.77,37,,0,0,1.32,28.1,7.33,New York,Female,0
A0894,18.0,3,3,40.2,89,10.0,0,18,1.07,41.3,,New York,Male,0
A0895,18.0,6,12,26.37,93,-21.0,1,33,1.89,13.94,3.44,New York,Male,1
A0896,11.0,3,3,38.54,62,0.0,0,15,0.55,50.73,2.82,New York,Male,1
A0897,24.0,1,12,33.41,92,8.0,1,41,1.17,66.5,0.74,Austin,Male,1
A0898,18.0,2,12,45.0,54,26.0,0,2,1.32,78.6,9.41,New York,Male,0
A0899,26.0,4,24,30.75,10,-60.0,0,1,1.97,71.15,4.94,Austin,Female,0
A0900,13.0,2,12,40.26,82,51.0,1,27,1.71,14.76,0.86,Austin,Male,0
A0901,15.0,3,3,56.42,43,51.0,1,29,1.26,45.61,8.69,Chicago,Male,0
A0902,19.0,2,12,35.98,5,65.0,0,26,1.68,3.86,2.79,Austin,Female,0
A0903,22.0,0,24,30.49,98,-14.0,1,24,1.35,1.78,2.04,Chicago,Male,1
A0904,17.0,2,24,37.22,71,21.0,0,6,2.04,44.01,2.81,Austin,Male,1
A0905,20.0,2,12,26.35,86,58.0,1,3,1.62,25.3,5.65,Austin,Female,0
A0906,27.0,2,6,53.88,16,60.0,0,39,2.37,68.34,0.74,New York,Male,0
A0907,20.0,2,24,31.8,98,,0,5,1.36,72.42,4.82,SAN FRANCISCO,female,0
A0908,25.0,5,6,27.27,28,33.0,1,7,2.11,89.54,8.96,Austin,Female,1
A0909,22.0,1,12,21.64,72,28.0,1,18,1.55,76.07,1.88,San Francisco,Male,1
A0910,,2,12,40.97,60,-16.0,0,5,1.15,4.82,3.31,San Francisco,Female,0
A0911,23.0,0,3,38.67,42,61.0,0,25,2.8,37.16,3.96,San Francisco,Male,0
A0912,16.0,0,6,25.03,53,,0,1,2.15,27.3,5.86,Austin,Male,0
A0913,20.0,1,6,35.76,7,31.0,0,23,1.62,38.61,9.19,San Francisco,Male,1
A0914,15.0,2,12,14.91,79,29.0,0,13,1.88,16.01,3.95,Austin,Female,1
A0915,22.0,0,24,31.85,34,-41.0,0,12,0.96,9.77,0.69,New York,Female,1
A0916,10.0,1,6,34.53,82,5.0,0,9,0.98,52.1,3.48,Austin,Female,1
A0917,28.0,4,24,47.07,3,43.0,1,4,2.06,72.04,1.9,Chicago,Female,0
A0918,20.0,3,3,22.29,79,28.0,0,9,1.5,70.19,6.52,New York,Female,1
A0919,19.0,4,12,17.22,56,43.0,0,8,1.42,45.09,0.29,San Francisco,Female,1
A0920,21.0,2,3,21.05,13,53.0,0,13,1.36,52.23,2.92,San Francisco,Female,0
A0921,23.0,2,24,16.63,55,5.0,1,4,1.58,51.63,5.45,chicago,FEMALE,0
A0922,28.0,2,12,43.37,10,14.0,0,1,1.37,69.16,2.77,New York,Female,0
A0923,22.0,1,12,45.49,27,25.0,0,2,0.48,4.79,5.51,Chicago,Female,0
A0924,16.0,2,24,33.2,42,53.0,1,18,2.21,70.99,1.15, San Francisco , Female ,0
A0925,19.0,1,12,42.21,34,22.0,1,0,1.44,58.22,9.43,Austin,Male,0
A0926,14.0,2,24,31.34,90,-23.0,1,29,2.42,19.81,2.91,San Francisco,Female,1
A0927,20.0,3,12,29.05,30,24.0,1,17,0.62,4.91,9.23,Chicago,Male,1
A0928,20.0,2,24,26.67,80,51.0,1,21,0.62,10.85,3.26,Austin,Male,0
A0929,25.0,2,12,26.9,5,70.0,1,27,1.36,52.47,7.82,Austin,Male,0
A0930,22.0,2,6,14.52,93,38.0,0,1,1.99,75.84,2.46,San Francisco , Male ,0
A0931,18.0,0,12,32.64,86,-14.0,0,25,0.89,33.47,6.7,Austin,Female,1
A0932,17.0,1,6,29.6,81,17.0,0,10,0.87,37.91,3.24,New York,Male,1
A0933,25.0,4,12,37.45,64,44.0,0,32,1.69,93.41,5.09,San Francisco,Male,1
A0934,16.0,2,12,30.94,29,55.0,0,32,1.34,21.3,6.74,San Francisco,Male,0
A0935,16.0,4,12,28.37,47,45.0,0,0,1.77,10.37,5.89,New York,Female,0
A0936,23.0,4,3,21.29,94,22.0,1,7,1.35,34.34,5.76,San Francisco,Male,1
A0937,20.0,3,6,30.72,27,55.0,0,11,1.69,74.59,0.66,Chicago,Male,0
A0938,21.0,1,12,37.38,63,10.0,0,17,2.18,62.61,2.49,Chicago,Female,1
A0939,27.0,3,24,18.57,46,35.0,1,5,0.89,41.58,5.72, San Francisco,Female ,0
A0940,16.0,4,6,30.87,99,52.0,0,4,2.09,96.48,0.18,New York,Female,0
A0941,22.0,1,12,32.33,48,47.0,0,7,0.65,73.5,2.51,Austin,Female,1
A0942,20.0,2,12,22.82,16,47.0,0,10,1.8,6.19,2.29,New York,Female,1
A0943,20.0,4,12,24.12,10,47.0,1,45,2.21,74.46,2.5,Chicago,Female,1
A0944,23.0,1,6,32.31,50,-1.0,0,21,1.24,2.4,5.36,San Francisco,Female,1
A0945,17.0,4,12,18.67,16,30.0,1,8,1.82,65.03,5.82,New York,Female,1
A0946,22.0,0,6,33.5,67,2.0,0,0,1.26,21.05,9.09,Austin,Female,0
A0947,20.0,3,24,21.05,82,21.0,0,2,1.79,69.64,3.86,Austin,Male,0
A0948,18.0,3,6,40.63,84,-5.0,0,9,0.37,30.98,9.27,Austin,Female,0
A0949,15.0,3,6,53.38,9,40.0,1,25,1.58,87.3,6.52,Austin,Male,0
A0950,24.0,2,3,21.39,81,-28.0,1,7,1.7,33.69,,New York,Male,1
A0951,,1,6,35.34,90,48.0,1,11,2.17,61.97,8.33,Austin,Female,1
A0952,15.0,1,12,22.73,51,30.0,1,33,1.96,28.59,6.88,Chicago,Female,1
A0953,21.0,2,6,40.41,57,87.0,0,36,1.42,91.72,3.56,Austin,Female,0
A0954,30.0,3,3,17.35,15,23.0,1,3,1.63,78.1,2.41,Chicago,Female,0
A0955,16.0,2,12,34.81,75,23.0,0,0,0.78,24.33,2.22,New York,Male,0
A0956,18.0,3,3,21.27,58,50.0,1,5,2.32,94.88,9.52,Chicago,Male,0
A0957,23.0,3,3,27.93,58,25.0,0,17,1.85,35.72,9.59,New York,Female,1
A0958,20.0,2,24,19.69,17,38.0,0,45,0.57,65.19,7.25,Austin,Male,1
A0959,15.0,3,12,38.22,59,59.0,0,1,1.62,74.29,8.84,San Francisco,Female,0
A0960,13.0,1,24,21.63,60,21.0,0,0,1.66,2.29,9.19,Chicago,Male,0
A0961,23.0,2,24,35.52,37,65.0,0,32,1.11,95.9,5.12,Chicago,Male,0
A0962,23.0,0,12,26.56,90,-20.0,1,20,1.55,34.44,6.29,San Francisco,Female,1
A0963,19.0,1,3,28.86,99,78.0,0,72,1.06,18.98,4.19,New York,Female,0
A0964,21.0,1,12,31.48,18,-23.0,0,7,0.8,85.07,4.18,New York,Male,1
A0965,22.0,3,24,22.38,10,70.0,1,8,1.19,70.29,0.38,Austin,Female,0
A0966,,1,12,32.1,95,-25.0,0,2,1.59,8.67,4.34,Chicago,Male,0
A0967,20.0,2,12,45.3,89,89.0,1,1,1.96,11.7,6.73,New York,Female,0
A0968,20.0,2,6,22.22,47,34.0,0,12,1.53,71.52,4.22,Austin,Female,1
A0969,28.0,5,24,41.72,97,1.0,1,6,1.97,7.48,8.72,New York,Female,0
A0970,19.0,0,12,44.98,42,85.0,0,1,1.82,91.72,3.33,San Francisco,Female,0
A0971,14.0,1,24,21.84,56,,0,32,0.98,74.15,,San Francisco,Female,1
A0972,15.0,4,6,15.45,16,23.0,0,3,1.82,33.55,8.12,San Francisco,Female,0
A0973,16.0,2,6,33.02,61,100.0,0,20,1.83,36.29,6.74,Austin,Female,0
A0974,31.0,1,6,24.53,96,41.0,1,4,2.37,50.65,2.42,Chicago,Male,0
A0975,21.0,2,12,48.69,55,-30.0,0,25,1.71,36.1,5.36,San Francisco,Female,0
A0976,20.0,4,6,30.35,29,21.0,0,1,0.88,78.35,4.02,San Francisco,Male,0
A0977,19.0,1,3,21.98,49,19.0,0,21,1.22,97.47,9.39,New York,Female,1
A0978,23.0,3,24,18.53,82,35.0,1,1,0.57,58.45,6.07,San Francisco,Male,0
A0979,18.0,4,3,40.9,8,28.0,0,8,1.76,44.6,1.58,Chicago,Female,0
A0980,20.0,2,24,24.29,57,46.0,1,19,2.33,22.28,5.02,Austin,Female,1
A0981,16.0,3,6,30.44,99,-15.0,0,2,0.3,65.34,8.63,San Francisco,Male,0
A0982,25.0,4,24,39.56,46,13.0,0,5,2.35,68.56,6.71,Austin,Female,0
A0983,19.0,2,12,25.16,20,39.0,0,30,1.75,68.52,8.42,Austin,Female,1
A0984,23.0,1,24,29.54,18,7.0,1,32,0.96,2.7,2.5,Chicago,Female,1
A0985,21.0,2,24,29.83,14,62.0,1,0,1.63,89.91,8.88,New York,Female,0
A0986,15.0,1,3,36.83,22,7.0,0,2,0.98,33.81,7.56,New York,Female,0
A0987,22.0,4,3,35.91,47,34.0,0,1,1.72,74.42,7.29,Austin,Male,0
A0988,24.0,3,6,27.8,66,26.0,1,2,1.53,75.98,3.47,San Francisco,Female,0
A0989,18.0,5,12,30.64,61,0.0,0,52,1.66,65.06,8.88,Austin,Male,1
A0990,23.0,1,24,26.28,95,31.0,0,12,1.04,39.49,6.38,New York,Male,1
A0991,24.0,2,12,15.22,96,-9.0,0,9,1.11,60.84,8.52,San Francisco,Male,1
A0992,22.0,1,12,32.58,92,16.0,0,62,1.75,4.02,3.61,New York,Male,1
A0993,25.0,1,6,48.92,24,30.0,0,12,1.25,76.19,1.46,Chicago,Male,0
A0994,13.0,3,24,21.16,99,-12.0,0,16,1.57,9.96,3.32,New York,Male,1
A0995,10.0,1,24,22.27,49,48.0,0,6,1.73,39.68,4.55,San Francisco,Male,1
A0996,21.0,1,6,21.29,31,37.0,1,7,1.39,10.36,5.33,San Francisco,Male,1
A0997,18.0,3,12,37.25,88,45.0,0,13,2.08,83.71,5.11,Austin,Female,1
A0998,20.0,4,3,34.48,47,30.0,1,1,1.41,55.03,5.46,San Francisco,Male,0
A0999,12.0,0,12,28.41,79,-4.0,0,4,1.39,69.1,8.42, Chicago,female,0
A1000,23.0,0,12,20.82,11,29.0,1,3,1.18,68.26,1.7,New York,Male,0
